[
  {
    "model": "park.park",
    "pk": 8,
    "fields": {
      "name": "Golden Ears Park",
      "url": "https://bcparks.ca/golden-ears-park/",
      "latitude": "49.499726",
      "longitude": "-122.450121"
    }
  },
  {
    "model": "park.park",
    "pk": 23,
    "fields": {
      "name": "Peace Arch Park",
      "url": "https://bcparks.ca/peace-arch-park/",
      "latitude": "49.004088",
      "longitude": "-122.757699"
    }
  },
  {
    "model": "park.park",
    "pk": 41,
    "fields": {
      "name": "Cultus Lake Park",
      "url": "https://bcparks.ca/cultus-lake-park/",
      "latitude": "49.045897",
      "longitude": "-121.977774"
    }
  },
  {
    "model": "park.park",
    "pk": 84,
    "fields": {
      "name": "Tyhee Lake Park",
      "url": "https://bcparks.ca/tyhee-lake-park/",
      "latitude": "54.706469",
      "longitude": "-127.038423"
    }
  },
  {
    "model": "park.park",
    "pk": 96,
    "fields": {
      "name": "Goldstream Park",
      "url": "https://bcparks.ca/goldstream-park/",
      "latitude": "48.471854",
      "longitude": "-123.555082"
    }
  },
  {
    "model": "park.park",
    "pk": 200,
    "fields": {
      "name": "Sasquatch Park",
      "url": "https://bcparks.ca/sasquatch-park/",
      "latitude": "49.349805",
      "longitude": "-121.723289"
    }
  },
  {
    "model": "park.park",
    "pk": 314,
    "fields": {
      "name": "Porteau Cove Park",
      "url": "https://bcparks.ca/porteau-cove-park/",
      "latitude": "49.556322",
      "longitude": "-123.238203"
    }
  },
  {
    "model": "park.subarea",
    "pk": 509,
    "fields": {
      "name": "Golden Ears Park - Gold Creek",
      "park": 8
    }
  },
  {
    "model": "park.subarea",
    "pk": 637,
    "fields": {
      "name": "Peace Arch Park",
      "park": 23
    }
  },
  {
    "model": "park.subarea",
    "pk": 467,
    "fields": {
      "name": "Cultus Lake Park - Entrance Bay",
      "park": 41
    }
  },
  {
    "model": "park.subarea",
    "pk": 744,
    "fields": {
      "name": "Tyhee Lake Park",
      "park": 84
    }
  },
  {
    "model": "park.subarea",
    "pk": 514,
    "fields": {
      "name": "Goldstream Park - Campground",
      "park": 96
    }
  },
  {
    "model": "park.subarea",
    "pk": 679,
    "fields": {
      "name": "Sasquatch Park - Green Point",
      "park": 200
    }
  },
  {
    "model": "park.subarea",
    "pk": 646,
    "fields": {
      "name": "Porteau Cove Park",
      "park": 314
    }
  },
  {
    "model": "park.facilitycategory",
    "pk": 1,
    "fields": {
      "name": "Vehicle Access"
    }
  },
  {
    "model": "park.facilitycategory",
    "pk": 2,
    "fields": {
      "name": "Access Route"
    }
  },
  {
    "model": "park.facilitycategory",
    "pk": 3,
    "fields": {
      "name": "Campsites"
    }
  },
  {
    "model": "park.facilitycategory",
    "pk": 4,
    "fields": {
      "name": "Park Furniture"
    }
  },
  {
    "model": "park.facilitycategory",
    "pk": 5,
    "fields": {
      "name": "Pit Toilets, Toilet Shower Buildings and Change Rooms"
    }
  },
  {
    "model": "park.facilitycategory",
    "pk": 6,
    "fields": {
      "name": "Signage and Wayfinding"
    }
  },
  {
    "model": "park.facilitycategory",
    "pk": 7,
    "fields": {
      "name": "Picnic Shelters"
    }
  },
  {
    "model": "park.facilitycategory",
    "pk": 8,
    "fields": {
      "name": "Viewing Areas, Docks, Fishing Piers"
    }
  },
  {
    "model": "park.facilitycategory",
    "pk": 9,
    "fields": {
      "name": "Trails"
    }
  },
  {
    "model": "park.facilitycategory",
    "pk": 10,
    "fields": {
      "name": "Miscellaneous"
    }
  },
  {
    "model": "park.facility",
    "pk": 11,
    "fields": {
      "name": "Entrance",
      "facility_category": 1
    }
  },
  {
    "model": "park.facility",
    "pk": 12,
    "fields": {
      "name": "Parking Stalls",
      "facility_category": 1
    }
  },
  {
    "model": "park.facility",
    "pk": 13,
    "fields": {
      "name": "Dimensions of Designated Spaces for Expected Vehicles",
      "facility_category": 1
    }
  },
  {
    "model": "park.facility",
    "pk": 14,
    "fields": {
      "name": "Accessible Stall Surface is Level, Stable, Firm and Slip-Resistant",
      "facility_category": 1
    }
  },
  {
    "model": "park.facility",
    "pk": 15,
    "fields": {
      "name": "Clear Signage - Accessible Stall",
      "facility_category": 1
    }
  },
  {
    "model": "park.facility",
    "pk": 16,
    "fields": {
      "name": "Safe and Direct Access to Pedestrian Pathway",
      "facility_category": 1
    }
  },
  {
    "model": "park.facility",
    "pk": 17,
    "fields": {
      "name": "Drop-Off Zone",
      "facility_category": 1
    }
  },
  {
    "model": "park.facility",
    "pk": 18,
    "fields": {
      "name": "General Signage",
      "facility_category": 1
    }
  },
  {
    "model": "park.facility",
    "pk": 21,
    "fields": {
      "name": "Exterior Pathways",
      "facility_category": 2
    }
  },
  {
    "model": "park.facility",
    "pk": 22,
    "fields": {
      "name": "Exterior Ramps",
      "facility_category": 2
    }
  },
  {
    "model": "park.facility",
    "pk": 23,
    "fields": {
      "name": "Exterior Stairs",
      "facility_category": 2
    }
  },
  {
    "model": "park.facility",
    "pk": 31,
    "fields": {
      "name": "Designated Accessible Campsites",
      "facility_category": 3
    }
  },
  {
    "model": "park.facility",
    "pk": 32,
    "fields": {
      "name": "Standard Campsites",
      "facility_category": 3
    }
  },
  {
    "model": "park.facility",
    "pk": 41,
    "fields": {
      "name": "Picnic Tables (non-campsite)",
      "facility_category": 4
    }
  },
  {
    "model": "park.facility",
    "pk": 42,
    "fields": {
      "name": "Garbage and Recycling Receptacles",
      "facility_category": 4
    }
  },
  {
    "model": "park.facility",
    "pk": 43,
    "fields": {
      "name": "Benches",
      "facility_category": 4
    }
  },
  {
    "model": "park.facility",
    "pk": 44,
    "fields": {
      "name": "Water Stand Pipes",
      "facility_category": 4
    }
  },
  {
    "model": "park.facility",
    "pk": 45,
    "fields": {
      "name": "Drinking Fountain",
      "facility_category": 4
    }
  },
  {
    "model": "park.facility",
    "pk": 46,
    "fields": {
      "name": "Outdoor Rinsing Shower",
      "facility_category": 4
    }
  },
  {
    "model": "park.facility",
    "pk": 51,
    "fields": {
      "name": "Pit Toilets",
      "facility_category": 5
    }
  },
  {
    "model": "park.facility",
    "pk": 52,
    "fields": {
      "name": "Toilet Buildings Washrooms",
      "facility_category": 5
    }
  },
  {
    "model": "park.facility",
    "pk": 53,
    "fields": {
      "name": "Showers and Change Rooms",
      "facility_category": 5
    }
  },
  {
    "model": "park.facility",
    "pk": 61,
    "fields": {
      "name": "Directional Signs",
      "facility_category": 6
    }
  },
  {
    "model": "park.facility",
    "pk": 62,
    "fields": {
      "name": "Trailhead Signs",
      "facility_category": 6
    }
  },
  {
    "model": "park.facility",
    "pk": 63,
    "fields": {
      "name": "Amenity Signs",
      "facility_category": 6
    }
  },
  {
    "model": "park.facility",
    "pk": 71,
    "fields": {
      "name": "Location Details",
      "facility_category": 7
    }
  },
  {
    "model": "park.facility",
    "pk": 72,
    "fields": {
      "name": "Surface Details",
      "facility_category": 7
    }
  },
  {
    "model": "park.facility",
    "pk": 74,
    "fields": {
      "name": "Amphitheatre",
      "facility_category": 7
    }
  },
  {
    "model": "park.facility",
    "pk": 81,
    "fields": {
      "name": "Viewing Areas",
      "facility_category": 8
    }
  },
  {
    "model": "park.facility",
    "pk": 82,
    "fields": {
      "name": "Docks/Boating Facilities",
      "facility_category": 8
    }
  },
  {
    "model": "park.facility",
    "pk": 83,
    "fields": {
      "name": "Fishing Piers and Platforms",
      "facility_category": 8
    }
  },
  {
    "model": "park.facility",
    "pk": 91,
    "fields": {
      "name": "Stable, Firm and Slip-Resistant",
      "facility_category": 9
    }
  },
  {
    "model": "park.facility",
    "pk": 92,
    "fields": {
      "name": "Slope",
      "facility_category": 9
    }
  },
  {
    "model": "park.facility",
    "pk": 93,
    "fields": {
      "name": "Width",
      "facility_category": 9
    }
  },
  {
    "model": "park.facility",
    "pk": 94,
    "fields": {
      "name": "Seating",
      "facility_category": 9
    }
  },
  {
    "model": "park.facility",
    "pk": 95,
    "fields": {
      "name": "Height Clearance",
      "facility_category": 9
    }
  },
  {
    "model": "park.facility",
    "pk": 96,
    "fields": {
      "name": "Signage",
      "facility_category": 9
    }
  },
  {
    "model": "park.facility",
    "pk": 101,
    "fields": {
      "name": "Miscellaneous",
      "facility_category": 10
    }
  },
  {
    "model": "park.facility",
    "pk": 102,
    "fields": {
      "name": "Play Grounds",
      "facility_category": 10
    }
  },
  {
    "model": "park.feedback",
    "pk": 637011,
    "fields": {
      "sub_area": 637,
      "facility": 11,
      "description": "Peace Arch Park is accessed from Highway 99 near the Canada-US border. The directory board has ample clear and level space around it, and includes maps of the park and of the general area.",
      "created_at": "2020-08-06 14:03:11-07:00"
    }
  },
  {
    "model": "park.feedback",
    "pk": 637012,
    "fields": {
      "sub_area": 637,
      "facility": 12,
      "description": "The parking lot for Peace Arch Park is located behind the duty free shop, off of Beach Avenue. Of the more than 150 parking stalls, none are designated as accessible.",
      "created_at": "2020-08-06 14:03:11-07:00"
    }
  },
  {
    "model": "park.feedback",
    "pk": 637021,
    "fields": {
      "sub_area": 637,
      "facility": 21,
      "description": "The main access route connects the parking lot to the other main areas of the park which include the washrooms, Heritage Hall, the viewpoint, picnic area, and the Peace Arch. The route itself is fully paved, has adequate width and minimal slope, and is generally in good repair.",
      "created_at": "2020-08-06 14:03:11-07:00"
    }
  },
  {
    "model": "park.feedback",
    "pk": 637041,
    "fields": {
      "sub_area": 637,
      "facility": 41,
      "description": "Peace Arch offers over 30 picnic tables spread out in different areas of the park. About half are in a large grassy field connected to the parking lot, requiring travel over the grass to reach them. None of these tables have accessible overhanging ends. The tables near the washroom building are on a flat and level concrete surface. One table in this area has an accessible overhang, as well as a section of the bench cut out for wheelchair access.",
      "created_at": "2020-08-06 14:03:11-07:00"
    }
  },
  {
    "model": "park.feedback",
    "pk": 637042,
    "fields": {
      "sub_area": 637,
      "facility": 42,
      "description": "Garbage cans and recycling receptacles are conveniently located throughout the park, found at the major access routes and picnic areas. Some bins are large garbage can-style and are not securely fastened to the ground, particularly the ones by the washroom building.",
      "created_at": "2020-08-06 14:03:11-07:00"
    }
  },
  {
    "model": "park.feedback",
    "pk": 637045,
    "fields": {
      "sub_area": 637,
      "facility": 45,
      "description": "There are two water fountains in the picnic areas, located in a grassy field away from an accessible pathway. They are built of stone, and require a step up onto the stone platform to access the fountain.",
      "created_at": "2020-08-06 14:03:11-07:00"
    }
  },
  {
    "model": "park.feedback",
    "pk": 637043,
    "fields": {
      "sub_area": 637,
      "facility": 43,
      "description": "Benches are scattered around the viewing areas of the park. All of these benches are on firm and level ground, have a back rest and at least one arm rest, and are secured to the ground.",
      "created_at": "2020-08-06 14:03:11-07:00"
    }
  },
  {
    "model": "park.feedback",
    "pk": 637052,
    "fields": {
      "sub_area": 637,
      "facility": 52,
      "description": "Peace Arch Park has one washroom building, located in the middle of the picnic areas, and off the main access route to the Peace Arch. This building offers an accessible toilet stall, with a wide outward swinging door and ample clear space beside the toilet. Horizontal grab bars are mounted beside and behind the toilet. The toilet paper dispenser is closed-roll style, mounted forward of the side grab bar. The sink area includes three sinks, minimal counter space, and no knee clearance under the counter. Taps require grip and dexterity to operate. Soap dispensers are push-activated, and are mounted quite high above the sinks. A hand dryer is also push-activated, and is mounted just to the left of the sinks, with clear space in front of it. This building also includes a baby change table.",
      "created_at": "2020-08-06 14:03:11-07:00"
    }
  },
  {
    "model": "park.feedback",
    "pk": 637071,
    "fields": {
      "sub_area": 637,
      "facility": 71,
      "description": "The Heritage Hall is available to rent for events. The area around the building is paved and level, with doorways that have a width of 915 mm. Both the main area and kitchen are spacious and level, with concrete flooring in the whole building. A fridge and full kitchen are offered. There is also an exterior picnic area outside the Heritage Hall, which includes 19 tables, 2 large charcoal grills, a food prep station and full sink area. A big overhang provides protection while cooking your food.",
      "created_at": "2020-08-06 14:03:11-07:00"
    }
  },
  {
    "model": "park.feedback",
    "pk": 637081,
    "fields": {
      "sub_area": 637,
      "facility": 81,
      "description": "There are two main viewing areas, both of which offer a south-facing view of the Peace Arch. These viewpoints are split up into two sections; one is near the Heritage Hall building, and the other is on the east side of the highway, off of Peace Arch Drive. There are ten benches altogether in these two locations. The benches are located on firm and level concrete slabs, but are not connected to accessible pathways.",
      "created_at": "2020-08-06 14:03:11-07:00"
    }
  },
  {
    "model": "park.feedback",
    "pk": 467011,
    "fields": {
      "sub_area": 467,
      "facility": 11,
      "description": "Entrance Bay Campground and Picnic Day Use area are both accessed directly from Columbia Valley Road, on opposite sides of the road, shortly after the large entrance sign and gatehouse for Cultus Lake Park. Both the campground and the picnic area have standard BC Parks signs, and yellow security gates. Both entrances include directory boards; the campground board includes a map of the campground. The board in the day use area has limited access due to concrete parking curbs.",
      "created_at": "2020-08-06 13:58:58-07:00"
    }
  },
  {
    "model": "park.feedback",
    "pk": 467015,
    "fields": {
      "sub_area": 467,
      "facility": 15,
      "description": "Signage for the accessible stalls is limited to white surface markings; there is no vertical signage for these stalls.",
      "created_at": "2020-08-06 13:58:58-07:00"
    }
  },
  {
    "model": "park.feedback",
    "pk": 467012,
    "fields": {
      "sub_area": 467,
      "facility": 12,
      "description": "The day use area offers ample parking in two large paved parking lots. Six parking stalls are designated as accessible, and are located in various areas of the parking lot. The surface of these stalls is level, firm and stable with no slope. Most accessible stalls have clear access to the main pathway and are close to the washrooms. Some of the accessible stalls have cross-hatched access aisles beside them.",
      "created_at": "2020-08-06 13:58:58-07:00"
    }
  },
  {
    "model": "park.feedback",
    "pk": 467018,
    "fields": {
      "sub_area": 467,
      "facility": 18,
      "description": "A sign at the gatehouse just before Entrance Bay shows the availability of campsites throughout the park. This sign has good colour contrasting and large font.",
      "created_at": "2020-08-06 13:58:58-07:00"
    }
  },
  {
    "model": "park.feedback",
    "pk": 467021,
    "fields": {
      "sub_area": 467,
      "facility": 21,
      "description": "Entrance Bay campground provides a compacted gravel and dirt surface on all the campground roads, including into the campsites themselves. Access routes to the washroom buildings are paved and have minimal slope. Access routes in the day use area are paved, and are wide and level. Some areas may be uneven because of root upheavals. Pathways to pit toilets are crushed gravel and may have slight slopes.",
      "created_at": "2020-08-06 13:58:58-07:00"
    }
  },
  {
    "model": "park.feedback",
    "pk": 467031,
    "fields": {
      "sub_area": 467,
      "facility": 31,
      "description": "One campsite in Entrance Bay is designated as accessible. It includes a picnic table with an accessible overhanging end. The site also includes a standard fire pit.",
      "created_at": "2020-08-06 13:58:58-07:00"
    }
  },
  {
    "model": "park.feedback",
    "pk": 467032,
    "fields": {
      "sub_area": 467,
      "facility": 32,
      "description": "Entrance Bay Campground offers 52 vehicle accessible campsites, all with room for multiple tents. Each site has a picnic table with no accessible overhang, and a fire pit with a cooking grid. The surface for every campsite is compacted gravel and dirt, both in the campground and on the access routes.",
      "created_at": "2020-08-06 13:58:58-07:00"
    }
  },
  {
    "model": "park.feedback",
    "pk": 467044,
    "fields": {
      "sub_area": 467,
      "facility": 44,
      "description": "Water stand pipes are located throughout the campground and Day Use area, mostly on firm and level ground, along accessible pathways. Some taps require dexterity and grip to operate.",
      "created_at": "2020-08-06 13:58:58-07:00"
    }
  },
  {
    "model": "park.feedback",
    "pk": 467041,
    "fields": {
      "sub_area": 467,
      "facility": 41,
      "description": "Many picnic tables are located in the Day Use area, between the parking lot and the beach. Most are located on firm grassy ground, which may be uneven or have some slope. Three tables have accessible overhangs, are mounted on concrete slabs and can be accessed via asphalt pathways from the parking lot. An additional table on an accessible pathway does not have an overhanging end. All tables have ample clear space around them.",
      "created_at": "2020-08-06 13:58:58-07:00"
    }
  },
  {
    "model": "park.feedback",
    "pk": 467042,
    "fields": {
      "sub_area": 467,
      "facility": 42,
      "description": "Garbage and recycling receptacles are located throughout the campground and day use areas. All have the standard wildlife-proof design, and may or may not be operable by people with limited dexterity. Receptacles are located with clear level ground for front access, and sometimes also side access.",
      "created_at": "2020-08-06 13:58:58-07:00"
    }
  },
  {
    "model": "park.feedback",
    "pk": 467043,
    "fields": {
      "sub_area": 467,
      "facility": 43,
      "description": "There is at least one bench overlooking the lake in the day use area. It is located in a grassy area that is firm and level. This bench has a back rest, but no arm rests.",
      "created_at": "2020-08-06 13:58:58-07:00"
    }
  },
  {
    "model": "park.feedback",
    "pk": 467051,
    "fields": {
      "sub_area": 467,
      "facility": 51,
      "description": "The five pit toilets in this part of the park are located along pathways that are hard packed gravel with minimal slope. Concrete pads at the doors may create slight thresholds. Doors are wide, and open outwards. Interior dimensions are approximately 1.5 x 1.5 m. Horizontal grab bars are installed behind the toilet and on the inside of the door. Toilet paper dispenser is closed-roll style and mounted high on the side wall.",
      "created_at": "2020-08-06 13:58:58-07:00"
    }
  },
  {
    "model": "park.feedback",
    "pk": 467052,
    "fields": {
      "sub_area": 467,
      "facility": 52,
      "description": "This park has two washroom buildings in the campground and two in the Day Use area. Washroom buildings on the campground do not have designated accessible stalls, while those in the Day Use area do. Signage does not indicate which buildings have accessibility features. Accessible stalls include grab bars behind and beside the toilet, and adequate clear space for transferring. Toilet paper dispensers are closed-roll style, and are mounted forward of the side grab bar.",
      "created_at": "2020-08-06 13:58:58-07:00"
    }
  },
  {
    "model": "park.feedback",
    "pk": 467053,
    "fields": {
      "sub_area": 467,
      "facility": 53,
      "description": "Neither the shower buildings in the campground nor the change rooms in the Day Use area have designated accessible stalls that would accommodate people using wheeled mobility aids.",
      "created_at": "2020-08-06 13:58:58-07:00"
    }
  },
  {
    "model": "park.feedback",
    "pk": 467061,
    "fields": {
      "sub_area": 467,
      "facility": 61,
      "description": "This campground and day-use area have signs that are conveniently located at the main entrance areas. The signs are clean, easy to read, and they provide all the information you need on the park and surrounding area.",
      "created_at": "2020-08-06 13:58:58-07:00"
    }
  },
  {
    "model": "park.feedback",
    "pk": 467082,
    "fields": {
      "sub_area": 467,
      "facility": 82,
      "description": "The Day Use area offers two docks that have both fixed and floating sections which offer amazing views of the lake. Both docks are close to picnic tables, benches, and washroom buildings. The approach to these docks is soft pebbly-sand. The transition between the fixed and floating section of the docks has a slope that is well in excess of 8%. There is no seating or shelter at these docks, but picnic tables are nearby.",
      "created_at": "2020-08-06 13:58:58-07:00"
    }
  },
  {
    "model": "park.feedback",
    "pk": 744016,
    "fields": {
      "sub_area": 744,
      "facility": 16,
      "description": "Cross-hatching between designated stalls provides safe and direct access to pedestrian pathways.",
      "created_at": "2019-11-28 13:14:29-07:00"
    }
  },
  {
    "model": "park.feedback",
    "pk": 744011,
    "fields": {
      "sub_area": 744,
      "facility": 11,
      "description": "This park is accessed from Highway 16 via Telkwa High Road and Tyhee Road, with clear signage for the turnoff on Highway 16. The entrance sign for the park has large font, but colour contrasting is fading. This park has a bright yellow security gate with a yellow and black reflective closed sign.",
      "created_at": "2019-11-28 13:14:29-07:00"
    }
  },
  {
    "model": "park.feedback",
    "pk": 744014,
    "fields": {
      "sub_area": 744,
      "facility": 14,
      "description": "Accessible stall surface is level, stable, firm and slip resistant. It is concrete and has minimal to no cross slope. The surface is in good repair with minimal cracking.",
      "created_at": "2019-11-28 13:14:29-07:00"
    }
  },
  {
    "model": "park.feedback",
    "pk": 744015,
    "fields": {
      "sub_area": 744,
      "facility": 15,
      "description": "Vertical signs clearly identify the accessible stalls. Surface paint signage is worn in all stalls and may be hard to read.",
      "created_at": "2019-11-28 13:14:29-07:00"
    }
  },
  {
    "model": "park.feedback",
    "pk": 744012,
    "fields": {
      "sub_area": 744,
      "facility": 12,
      "description": "There are four accessible stalls at the Davis parking area. They have both vertical and horizontal markings. There are two sets of two accessible stalls, with 5 m x 5. 8 m cross hatching between the stalls in both sets.",
      "created_at": "2019-11-28 13:14:29-07:00"
    }
  },
  {
    "model": "park.feedback",
    "pk": 744013,
    "fields": {
      "sub_area": 744,
      "facility": 13,
      "description": "Accessible parking stalls are 3.4 m wide and 5.8 m long.",
      "created_at": "2019-11-28 13:14:29-07:00"
    }
  },
  {
    "model": "park.feedback",
    "pk": 744018,
    "fields": {
      "sub_area": 744,
      "facility": 18,
      "description": "Entrance signage includes a directory board with a map of the park and general information. There are also signs pointing out the location of numbered campsites.",
      "created_at": "2019-11-28 13:14:29-07:00"
    }
  },
  {
    "model": "park.feedback",
    "pk": 744021,
    "fields": {
      "sub_area": 744,
      "facility": 21,
      "description": "Exterior pathways between all main features of the park are generally wider than 1.2 m and have surfaces that are level, stable, firm and slip resistant with minimal slope.",
      "created_at": "2019-11-28 13:14:29-07:00"
    }
  },
  {
    "model": "park.feedback",
    "pk": 744023,
    "fields": {
      "sub_area": 744,
      "facility": 23,
      "description": "There is a set of concrete stairs between the parking lot and the day use beach; alternate accessible pathways exist. Steps are uniform in rise and run, but there are no tactile or colour contrast indicators on the nosings of the steps, nor at the top of the stairs. Grippable handrails are provided, but they do not extend horizontally beyond the top step, and they end at the bottom step rather than on level ground.",
      "created_at": "2019-11-28 13:14:29-07:00"
    }
  },
  {
    "model": "park.feedback",
    "pk": 744032,
    "fields": {
      "sub_area": 744,
      "facility": 32,
      "description": "The standard campsites at this park have large surface areas with diameters of 8 to 12 m, firmly packed gravel surfaces, and are mostly level, but with a slope of far greater than 1 to 12 from the parking spaces. All sites have standard picnic tables with the exception of site 15 which has a table with an accessible overhanging end. There are four tenting only sites, one of which has a table with an accessible overhanging end. Sites also have fire pits with cooking grates at the back. Campsite numbers are mounted on low wooden posts at the entrance to the site. Numbers have large font and are colour contrasted with the background.",
      "created_at": "2019-11-28 13:14:29-07:00"
    }
  },
  {
    "model": "park.feedback",
    "pk": 744044,
    "fields": {
      "sub_area": 744,
      "facility": 44,
      "description": "There are a number of water stand pipes in this park. Spout heights range from 750 to 930 mm. Operating mechanisms are accessible hand levers.",
      "created_at": "2019-11-28 13:14:29-07:00"
    }
  },
  {
    "model": "park.feedback",
    "pk": 744046,
    "fields": {
      "sub_area": 744,
      "facility": 46,
      "description": "An outdoor rinsing shower is provided at the day use area above the beach. It has three heights of shower - one for feet, one at a medium height, and one at the top of the shower stand. Controls are pushbutton style, with heights ranging from 860 mm to 1 m. These controls require significant manual force and dexterity to operate.",
      "created_at": "2019-11-28 13:14:29-07:00"
    }
  },
  {
    "model": "park.feedback",
    "pk": 744041,
    "fields": {
      "sub_area": 744,
      "facility": 41,
      "description": "A number of picnic tables are located in a grassy area between the picnic shelter and the lake. They are not connected to an accessible pathway, but can be reached across level and firm grass. There is ample clear space around each table. None of these tables have accessible overhanging ends.",
      "created_at": "2019-11-28 13:14:29-07:00"
    }
  },
  {
    "model": "park.feedback",
    "pk": 744042,
    "fields": {
      "sub_area": 744,
      "facility": 42,
      "description": "Garbage and recycling receptacles are located at various areas throughout the park. All are the standard BC Parks wildlife-proof design, and have clear ground space to the front and side.",
      "created_at": "2019-11-28 13:14:29-07:00"
    }
  },
  {
    "model": "park.feedback",
    "pk": 744043,
    "fields": {
      "sub_area": 744,
      "facility": 43,
      "description": "The benches placed around the fire pit have no armrests or backrests.",
      "created_at": "2019-11-28 13:14:29-07:00"
    }
  },
  {
    "model": "park.feedback",
    "pk": 744051,
    "fields": {
      "sub_area": 744,
      "facility": 51,
      "description": "Non-accessible pit toilets in the campground and at the day use area have interior dimensions of 1.3 x 1.3 m. The non-accessible toilets at the boat launch are 1.1 x 1.4 m. Door clearance for these toilets ranges from 560 mm to 620 mm.&#279;One set of designated accessible pit toilets are located at near the group camp. They have interior dimensions of 1.5 x 1.5 m and door clearance of 880 mm. Grab bars heights range from 840 mm to 895 mm. Accessible pit toilets have multiple coats hooks hung at 1.3 and 1.7 m. Toilet height in these pit toilets range from 385 mm to 600 mm.&#279;",
      "created_at": "2019-11-28 13:14:29-07:00"
    }
  },
  {
    "model": "park.feedback",
    "pk": 744052,
    "fields": {
      "sub_area": 744,
      "facility": 52,
      "description": "An accessible shower room is provided adjacent to site 15 at the campground. The entry door has a level threshold, a lever handle and door clearance of 870 mm. The change area and shower area are separated by a moveable shower curtain with not threshold between the two. There is adequate turning clearance in this area. The changing area has a shelf for personal items install at 1.3 m and three large clothing hooks installed at the same height. There is a pull-down bench with seat height of 490 mm with a grab bar on the side wall mounted at 810 mm. The shower area also has a pull-down seat and grab bars similar in height to those in the change area. The shower controls are difficult to operate, requiring significant force to use, and with the water turning off quite quickly. A handheld or moveable height showerhead is not provided.",
      "created_at": "2019-11-28 13:14:29-07:00"
    }
  },
  {
    "model": "park.feedback",
    "pk": 744053,
    "fields": {
      "sub_area": 744,
      "facility": 53,
      "description": "A change house is located at the day use area. Signage on the doors uses universally recognizable symbols in high colour contrast, as well as Braille. The change rooms are connected to an accessible pathway and have level entry. The exterior doors have lever handles. In each change room there is a single sink with knee clearance beneath the counter. An automatic hand dryer is installed on the opposite wall from the sink. Seating is provided at a height of 510 mm. There are no grab bars in the changing area. A child change table is provided in the changing area. The men&rsquo;s side has one accessible toilet stall with a separate urinal, while the women&rsquo;s side has one accessible and one standard toilet stall. Interior dimensions of the accessible stalls are 1.5 x 1.5 m. Doors have interior D-handles and sliding lock mechanisms. Grab bars are installed behind and beside the toilet.",
      "created_at": "2019-11-28 13:14:29-07:00"
    }
  },
  {
    "model": "park.feedback",
    "pk": 744061,
    "fields": {
      "sub_area": 744,
      "facility": 61,
      "description": "Directional signage point the way to numbered campsites.",
      "created_at": "2019-11-28 13:14:29-07:00"
    }
  },
  {
    "model": "park.feedback",
    "pk": 744063,
    "fields": {
      "sub_area": 744,
      "facility": 63,
      "description": "Amenity signs show the location of water stand pipes and shower rooms.",
      "created_at": "2019-11-28 13:14:29-07:00"
    }
  },
  {
    "model": "park.feedback",
    "pk": 744071,
    "fields": {
      "sub_area": 744,
      "facility": 71,
      "description": "The day use area has a 7m x 10 m picnic shelter which is connected to an accessible pathway. The floor is smooth finished concrete which is level with the connecting pathway. The picnic shelter has no kitchen facilities such as sink or counter, but there is a wood stove which could be used for cooking.",
      "created_at": "2019-11-28 13:14:29-07:00"
    }
  },
  {
    "model": "park.feedback",
    "pk": 744074,
    "fields": {
      "sub_area": 744,
      "facility": 74,
      "description": "A picnic shelter is located at the group site. This shelter has a wood stove and a sink counter area. Some of the picnic tables have the extended table top.",
      "created_at": "2019-11-28 13:14:29-07:00"
    }
  },
  {
    "model": "park.feedback",
    "pk": 744072,
    "fields": {
      "sub_area": 744,
      "facility": 72,
      "description": "The floor surface of the picnic shelter is finished concrete which is in good repair. There is only minor surface cracking.",
      "created_at": "2019-11-28 13:14:29-07:00"
    }
  },
  {
    "model": "park.feedback",
    "pk": 744081,
    "fields": {
      "sub_area": 744,
      "facility": 81,
      "description": "The viewing area at this park consists of an accessible pathway down to the lakeside. The trail terminates in a clear space at the edge of a marsh from which the marsh section of Tyhee Lake can be observed. There is no platform, seating, or shelter provided.",
      "created_at": "2019-11-28 13:14:29-07:00"
    }
  },
  {
    "model": "park.feedback",
    "pk": 744082,
    "fields": {
      "sub_area": 744,
      "facility": 82,
      "description": "This park has a boat launch consisting of a concrete launching area with a dock directly beside it. The drop-off edge between the two, as well as the drop-off edge at the approach to the dock, have handrails at a height of 930 mm. Signage at the boat launch area includes a bright yellow warning sign about the use of lifejackets, as well as a sign about how to interact with wildlife.",
      "created_at": "2019-11-28 13:14:29-07:00"
    }
  },
  {
    "model": "park.feedback",
    "pk": 744091,
    "fields": {
      "sub_area": 744,
      "facility": 91,
      "description": "The trail surface varies but includes sections which are covered in grass and moss and may be slippery, some which have large roots, and some with significant cross slope.",
      "created_at": "2019-11-28 13:14:29-07:00"
    }
  },
  {
    "model": "park.feedback",
    "pk": 744096,
    "fields": {
      "sub_area": 744,
      "facility": 96,
      "description": "The only signage related to the trail is the name sign where it meets the campground adjacent to site number 20, and on the same post some information about plant life. The trail is also included on the park map, but there is no information provided regarding the trail accessibility details or length.",
      "created_at": "2019-11-28 13:14:29-07:00"
    }
  },
  {
    "model": "park.feedback",
    "pk": 744095,
    "fields": {
      "sub_area": 744,
      "facility": 95,
      "description": "Although much of the trail has height clearance of more than 2 m, there are significant sections where there are overhanging obstruction such as tree branches.",
      "created_at": "2019-11-28 13:14:29-07:00"
    }
  },
  {
    "model": "park.feedback",
    "pk": 744092,
    "fields": {
      "sub_area": 744,
      "facility": 92,
      "description": "Although much of the trail is level there are some sections with slope far in excess of 1 to 12.",
      "created_at": "2019-11-28 13:14:29-07:00"
    }
  },
  {
    "model": "park.feedback",
    "pk": 744093,
    "fields": {
      "sub_area": 744,
      "facility": 93,
      "description": "The trail conditions very along its length but most of it is between 50 cm and 2 m wide.",
      "created_at": "2019-11-28 13:14:29-07:00"
    }
  },
  {
    "model": "park.feedback",
    "pk": 744101,
    "fields": {
      "sub_area": 744,
      "facility": 101,
      "description": "There is a concession stand called Snack Shack located at the beach day use area. It has a single counter with a height of 1.3 m. It is not connected to the accessible pathway, but can be approached across level firm grassy areas from the accessible pathway.",
      "created_at": "2019-11-28 13:14:29-07:00"
    }
  },
  {
    "model": "park.feedback",
    "pk": 744102,
    "fields": {
      "sub_area": 744,
      "facility": 102,
      "description": "The playground in the day use area is surrounded by 4 x 4 timbers with a surface material of loose pea gravel. It is accessed from the grass areas with a threshold height of two 4 x 4 posts, or via an accessible pathway with a threshold height of one 4 x 4 post. There are no specific accessible play features in the children&rsquo;s playground. There is also a volleyball net set up adjacent to the accessible walkway to the beach from the parking lot. There is no accessible pathway from this walkway to the volleyball play area.",
      "created_at": "2019-11-28 13:14:29-07:00"
    }
  },
  {
    "model": "park.feedback",
    "pk": 514011,
    "fields": {
      "sub_area": 514,
      "facility": 11,
      "description": "The campground at Goldstream is located in the far southwest of the park, accessed via Golden Gate Road. The entrance to the park includes a standard BC Parks sign and a high visibility yellow security gate. The gate house is located at the entrance to the campground and is staffed according to the seasons. The gate house provides access to the ice machine and basic convenience store services. The entrance doorway is narrow and has a low threshold. The directory board includes maps of the park and the general area, as well as hiking information. There is a payphone beside the directory board; this phone may be difficult to operate for people with limited dexterity, or those in a seated position.",
      "created_at": "2020-06-25 09:22:22-07:00"
    }
  },
  {
    "model": "park.feedback",
    "pk": 514018,
    "fields": {
      "sub_area": 514,
      "facility": 18,
      "description": "While the route from the Malahat Highway to the campground is not straightforward, there is clear signage along the way at all decision points.",
      "created_at": "2020-06-25 09:22:22-07:00"
    }
  },
  {
    "model": "park.feedback",
    "pk": 514021,
    "fields": {
      "sub_area": 514,
      "facility": 21,
      "description": "The access routes through the campground are generally wide, firm and stable with minimum slope. All roads connecting campers to washrooms and service areas are paved and level. All paths are level and firm with a surface of compressed, crushed gravel.",
      "created_at": "2020-06-25 09:22:22-07:00"
    }
  },
  {
    "model": "park.feedback",
    "pk": 514023,
    "fields": {
      "sub_area": 514,
      "facility": 23,
      "description": "Three campsites have newly built stairs to access the site. These stairs are firm and stable, and have consistent rise and run, but do not have handrails.",
      "created_at": "2020-06-25 09:22:22-07:00"
    }
  },
  {
    "model": "park.feedback",
    "pk": 514031,
    "fields": {
      "sub_area": 514,
      "facility": 31,
      "description": "There are seven accessible campsites in Goldstream campground, located close to the shower buildings on the inner loop of the campground, and close to the kids&rsquo; play area and amphitheater. Each campsite has a firm, level surface with an accessible picnic table. Rather than having overhanging ends, some of the tables have a section of the side bench removed. Standard fire pits are present. The tenting area is level with the ground. The accessible campsites are 100, 101, 102, 103, 117, 118, and 140.",
      "created_at": "2020-06-25 09:22:22-07:00"
    }
  },
  {
    "model": "park.feedback",
    "pk": 514032,
    "fields": {
      "sub_area": 514,
      "facility": 32,
      "description": "The regular campsites are well designed with a level, firm surface. Each one has a picnic table and fire pit. Some have raised tent pads. A small number of walk-in campsites are located near Shower Building 1. The access path is firm and level. Several of these sites have raised tent pads. Three campsites have a flight of stairs at the entrance. The stairs are new and are firm and stable, with consistent rise and run, but no handrails.",
      "created_at": "2020-06-25 09:22:22-07:00"
    }
  },
  {
    "model": "park.feedback",
    "pk": 514044,
    "fields": {
      "sub_area": 514,
      "facility": 44,
      "description": "Water standpipes are located throughout the park, generally on clear and level ground, mounted on a concrete pad.",
      "created_at": "2020-06-25 09:22:22-07:00"
    }
  },
  {
    "model": "park.feedback",
    "pk": 514042,
    "fields": {
      "sub_area": 514,
      "facility": 42,
      "description": "Garbage and recycling receptacles are located in service areas throughout the campground, as well as near the dishwashing sinks. All have ample clear ground space for access from the front and sides. Operating mechanisms are standard wildlife-proof design that may be difficult for people with limited dexterity to use.",
      "created_at": "2020-06-25 09:22:22-07:00"
    }
  },
  {
    "model": "park.feedback",
    "pk": 514051,
    "fields": {
      "sub_area": 514,
      "facility": 51,
      "description": "All pit toilets in this campground are located along accessible pathways, generally along with other amenities. Clear signage on the door indicates that they include accessibility features. Door clearance is wide, and there is clear, level ground in front of the door. Interior dimensions are approximately 1.6 x 1.6 m. Grab bars are installed behind and beside the toilet, as well as on the inside of the door. Door locking mechanism is slide lock, which can be operated with a closed fist. Toilet paper dispensers are closed-roll style, and are mounted forward of the side grab bar.",
      "created_at": "2020-06-25 09:22:22-07:00"
    }
  },
  {
    "model": "park.feedback",
    "pk": 514052,
    "fields": {
      "sub_area": 514,
      "facility": 52,
      "description": "There are a number of washroom/shower buildings buildings in this campground. Both sides include standard-sized shower and toilet stalls. Washrooms are well lit, and include a sink and counter area with clear knee space below. Soap dispensers are push-activated, and are mounted on the wall behind the sinks. An automatic hand dryer is on the side wall at one end of the counter. All toilet buildings include a baby change table. Each building also includes separate universal washroom/shower rooms that can only be accessed using a code obtained from the gate house. The toilet and shower areas are separated by a partial wall; the toilet area is at least 1.5 x 1.5 m, and includes rear and side grab bars. The toilet paper dispenser is closed-roll style, mounted above the side grab bar.",
      "created_at": "2020-06-25 09:22:22-07:00"
    }
  },
  {
    "model": "park.feedback",
    "pk": 514053,
    "fields": {
      "sub_area": 514,
      "facility": 53,
      "description": "Each shower building includes several standard-sized shower stalls in both sides, but also has a separate universal design toilet and shower room; access to this room requires a code available from the gate house. Shower and toilet areas within these rooms are separated by a wall. The shower is level entry, and includes fold-down seating, a side grab bar with a 90-degree angle, a shower head that is adjustable in height and can be handheld.",
      "created_at": "2020-06-25 09:22:22-07:00"
    }
  },
  {
    "model": "park.feedback",
    "pk": 514061,
    "fields": {
      "sub_area": 514,
      "facility": 61,
      "description": "Directional signs within the park have good colour contrasting and use both text and symbols. Font is somewhat small to be read from a vehicle.",
      "created_at": "2020-06-25 09:22:22-07:00"
    }
  },
  {
    "model": "park.feedback",
    "pk": 514074,
    "fields": {
      "sub_area": 514,
      "facility": 74,
      "description": "The amphitheatre is located at the center of the campground, near the playground and bike course. The surface of the amphitheater is level and firm. The seating has wide aisles, but benches do not have back support or arm rests.",
      "created_at": "2020-06-25 09:22:22-07:00"
    }
  },
  {
    "model": "park.feedback",
    "pk": 514091,
    "fields": {
      "sub_area": 514,
      "facility": 91,
      "description": "The Upper Goldstream hiking trail is steep in places with rocky inclines and a path that is broken and uneven. The signage relating to the trails is posted high and may be difficult to read. There are no accessible trails that transect or commence from the Goldstream Campground .",
      "created_at": "2020-06-25 09:22:22-07:00"
    }
  },
  {
    "model": "park.feedback",
    "pk": 514101,
    "fields": {
      "sub_area": 514,
      "facility": 101,
      "description": "A dishwashing and food prep station is available at the shower buildings. The sink and counters do not have clear knee space under them; taps have levered handles.",
      "created_at": "2020-06-25 09:22:22-07:00"
    }
  },
  {
    "model": "park.feedback",
    "pk": 514102,
    "fields": {
      "sub_area": 514,
      "facility": 102,
      "description": "A playground and bike trail are located in the center of the campground. The bike trail is suitable for novice to expert riders. There is clear signage related to the bike track. The playground is large and includes a variety of equipment, most of which requires climbing. The outer edge of the playground has a threshold, sometimes up to 200 mm high. Surface under the play equipment is soft natural materials. There are picnic tables and benches on crushed gravel pathways around the playground. One of the tables has a cut-out section to allow access for a wheeled mobility device.",
      "created_at": "2020-06-25 09:22:22-07:00"
    }
  },
  {
    "model": "park.feedback",
    "pk": 679011,
    "fields": {
      "sub_area": 679,
      "facility": 11,
      "description": "Green Point Day Use Area is located within Sasquatch Park, with clear signage through Harrison Hot Springs, and accessed via Rockwell Road. A directory board at the entrance includes information about the park and the general area.",
      "created_at": "2021-05-28 16:18:29-07:00"
    }
  },
  {
    "model": "park.feedback",
    "pk": 679012,
    "fields": {
      "sub_area": 679,
      "facility": 12,
      "description": "The parking lot at this Day Use area is paved with a flat surface throughout. Some stalls can accommodate extra large vehicles such as vans, trucks, or buses. Of the more than 200 parking stalls, four are designated as accessible. These four stalls have blue painted surface sigange, but no vertical signage. Stalls are somewhat wider than regular stalls, but do not have access aisles.",
      "created_at": "2021-05-28 16:18:29-07:00"
    }
  },
  {
    "model": "park.feedback",
    "pk": 679021,
    "fields": {
      "sub_area": 679,
      "facility": 21,
      "description": "Most of the main access routes are paved asphalt with minimal slope. The pathways to the washroom building, however, have greater slopes and some areas of root upheavals.",
      "created_at": "2021-05-28 16:18:29-07:00"
    }
  },
  {
    "model": "park.feedback",
    "pk": 679041,
    "fields": {
      "sub_area": 679,
      "facility": 41,
      "description": "The main picnic area closest to the parking lot offers 27 tables on flat and level ground, located along an accessible pathway, with ample clear space around each one. None of these tables have accessible overhangs. More tables of a similar style are located further down the path on the other side of the day use area, near the pit toilet.",
      "created_at": "2021-05-28 16:18:29-07:00"
    }
  },
  {
    "model": "park.feedback",
    "pk": 679044,
    "fields": {
      "sub_area": 679,
      "facility": 44,
      "description": "Green Point offers plenty of water standpipes which are conveniently spaced out around the grounds. The vast majority are on a flat level surface and easy to access.",
      "created_at": "2021-05-28 16:18:29-07:00"
    }
  },
  {
    "model": "park.feedback",
    "pk": 679042,
    "fields": {
      "sub_area": 679,
      "facility": 42,
      "description": "Garbage and recycling receptacles are conveniently spaced out around the Day Use area. While the majority are on a flat level surface and easy to access, some may be on uneven grassy ground. All are standard wildlife-proof design.",
      "created_at": "2021-05-28 16:18:29-07:00"
    }
  },
  {
    "model": "park.feedback",
    "pk": 679051,
    "fields": {
      "sub_area": 679,
      "facility": 51,
      "description": "Green Point offers two pit toilets located on hard packed gravel pathways which may have some slope. Doors are wide and open out, and interior dimensions are approximately 1.5 x 1.5 m. One has a side grab bar installed on the far side from the toilet, and no rear grab bar. The toilet paper dispenser is closed-roll style.",
      "created_at": "2021-05-28 16:18:29-07:00"
    }
  },
  {
    "model": "park.feedback",
    "pk": 679061,
    "fields": {
      "sub_area": 679,
      "facility": 61,
      "description": "Clear signs at the turn-off to the Day Use area use both words and symbols, and have good colour contrasting.",
      "created_at": "2021-05-28 16:18:29-07:00"
    }
  },
  {
    "model": "park.feedback",
    "pk": 679081,
    "fields": {
      "sub_area": 679,
      "facility": 81,
      "description": "This Day Use area offers fantastic views of Harrison Lake. While there is not one designated viewing area, there are plenty of areas to get a good view while at a picnic table. The areas that do provide the best views are of a flat and level surface, with easy access for those using a mobility device.",
      "created_at": "2021-05-28 16:18:29-07:00"
    }
  },
  {
    "model": "park.feedback",
    "pk": 679082,
    "fields": {
      "sub_area": 679,
      "facility": 82,
      "description": "There is a boat launch at Green Point. High visibility yellow parking curbs delineate the entrance to the boat launch.",
      "created_at": "2021-05-28 16:18:29-07:00"
    }
  },
  {
    "model": "park.feedback",
    "pk": 646018,
    "fields": {
      "sub_area": 646,
      "facility": 18,
      "description": "BC Parks signage identifies park entrance. The park information kiosk provides information on the history of the park as well as park map and trail information.",
      "created_at": "2021-05-28 14:09:15-07:00"
    }
  },
  {
    "model": "park.feedback",
    "pk": 646021,
    "fields": {
      "sub_area": 646,
      "facility": 21,
      "description": "Access from road to gate house is paved asphalt with painted center line distinguishing the two lanes. Access loop through camp ground to walk-in camp area is a well maintained asphalt surface. Routes are wide enough for two vehicles to pass one another with ease. Access routes are smooth with gradual slopes. Washrooms are located along access routes, with flat well maintained pathways leading to the washroom facilities. Access route to washroom facility from east side is very narrow, has severe side slope and may be difficult to use by person using mobility aid. One of the rent-able Legacy Cabins has a gentle ramp to the front of the cabin; however there is a small threshold at the front door that may pose difficulty for persons using mobility aids to access. There is no accessible route down to the beach in the viewing area. The route is steep at points and often obstructed with depressions, rocks and trees.",
      "created_at": "2021-05-28 14:09:15-07:00"
    }
  },
  {
    "model": "park.feedback",
    "pk": 646031,
    "fields": {
      "sub_area": 646,
      "facility": 31,
      "description": "Two rent-able Legacy Cabins are available on site. The cabin interior has limited clear space and persons using mobility aids may have difficulty accessing features within the cabins. The legacy cabins are former Olympic village cabins moved to Porteau Cove Park and available for rent through the park. The interior of the cabin is cozy and the main room provides enough space for turning. The bottom bedroom is accessible and has just enough room for transfer. Only one cabin is wheelchair accessible via an access ramp.",
      "created_at": "2021-05-28 14:09:15-07:00"
    }
  },
  {
    "model": "park.feedback",
    "pk": 646032,
    "fields": {
      "sub_area": 646,
      "facility": 32,
      "description": "Campsite surfaces are packed gravel and well maintained. Picnic tables are fixed to concrete pads. Campsites do not include tent pads, but the sites are very level, with minimal cross slope. Most campsites are large enough to park a small RV. There are no designated accessible campsites, however most campsites can support a van equipped with a ramp, and are near the washroom facility. Garbage facilities and water standpipes are located throughout the campsite.",
      "created_at": "2021-05-28 14:09:15-07:00"
    }
  },
  {
    "model": "park.feedback",
    "pk": 646041,
    "fields": {
      "sub_area": 646,
      "facility": 41,
      "description": "Picnic tables in campsites do not include a large overhang to accommodate persons using mobility aids. Some of the picnic tables in the viewing area are fully accessible and are all located adjacent parking and close to the pier. The surface area around each table is compressed gravel that provides adequate firmness for any mobility device or stroller.",
      "created_at": "2021-05-28 14:09:15-07:00"
    }
  },
  {
    "model": "park.feedback",
    "pk": 646044,
    "fields": {
      "sub_area": 646,
      "facility": 44,
      "description": "There are two water stand pipes and one water fountain at the site. There is a smooth and even surface around the stand pipes, but the tap control is not lever-type and may be difficult to operate. Drain grates at water standpipes may have openings around 13mm.",
      "created_at": "2021-05-28 14:09:15-07:00"
    }
  },
  {
    "model": "park.feedback",
    "pk": 646042,
    "fields": {
      "sub_area": 646,
      "facility": 42,
      "description": "Garbage receptacles are located next to the access route, fastened to the ground, and cane detectable. They are not colour-contrasted with the surroundings, and they have wildlife-proof latches that may be difficult to open.",
      "created_at": "2021-05-28 14:09:15-07:00"
    }
  },
  {
    "model": "park.feedback",
    "pk": 646043,
    "fields": {
      "sub_area": 646,
      "facility": 43,
      "description": "The seating on the pier is located for easy access there are no arm rests. The seating offers firm back support and good seat height.",
      "created_at": "2021-05-28 14:09:15-07:00"
    }
  },
  {
    "model": "park.feedback",
    "pk": 646051,
    "fields": {
      "sub_area": 646,
      "facility": 51,
      "description": "A pit toilet is located adjacent to the toilet facility. Some accessible features can be found in the toilet facility including: rear and side grab bars, a large entry door and a grab bar mounted on the entry door. The toilet paper dispenser is mounted above grab bar.",
      "created_at": "2021-05-28 14:09:15-07:00"
    }
  },
  {
    "model": "park.feedback",
    "pk": 646052,
    "fields": {
      "sub_area": 646,
      "facility": 52,
      "description": "The washroom facility is located at the center of the campsite loop within a reasonable distance to all campsites. The entrance area has limited clear space and may be difficult for persons using mobility devices to access. No automatic door opener is installed on the washroom door. The washroom door requires significant effort to open, due to the door closing device. The washroom counter includes appropriate knee space and counter height. Faucet control is operable with a closed fist. Hand soap is mounted on wall behind sink and may be difficult to reach from a seated position. Two heights of urinals are available in male washroom, but are not equipped with mobility grab bars. Toilet grab bar on side wall does not extend beside the side of toilet. Toilet paper holder is mounted above grab bar and may be difficult to reach from the seated position. Toilet flush mechanism is located on the non-transfer side of the toilet and may be difficult to reach from the seated position. Doors to accessible washroom stalls don&rsquo;t have d-ring style handles. Many washroom coat hooks are mounted high on washroom walls and may not be accessible from a seated position.",
      "created_at": "2021-05-28 14:09:15-07:00"
    }
  },
  {
    "model": "park.feedback",
    "pk": 646053,
    "fields": {
      "sub_area": 646,
      "facility": 53,
      "description": "Washroom shower stalls include seating and two grab bars. The shower control is operable with a closed fist but is not operable while seated on shower bench. Shower head is mounted high and is not adjustable from seated position. The shower bench creates a pinch point at the shower wall, which may prevent persons using mobility aids from entering accessible shower. The shower stall clothing hooks are mounted high on shower walls and are not within reach while in seated position.",
      "created_at": "2021-05-28 14:09:15-07:00"
    }
  },
  {
    "model": "park.feedback",
    "pk": 646061,
    "fields": {
      "sub_area": 646,
      "facility": 61,
      "description": "A park information board is located at the entrance to the public use area along access route to the campsite gate. Maps and informational signage on the board. Campsite signage indicating pricing and hours are located at the gate. Campsite numbering and directional signage are located along vehicular access route. Signage is consistent and understandable. Symbols are utilized where possible. Washroom signage is mounted on the washroom structure but may not obviously visible from the vehicular route.",
      "created_at": "2021-05-28 14:09:15-07:00"
    }
  },
  {
    "model": "park.feedback",
    "pk": 646081,
    "fields": {
      "sub_area": 646,
      "facility": 81,
      "description": "The pier is fully accessible and has numerous seating areas and viewing areas offering an excellent view of the cove. The viewing platforms are only accessed via stairs.",
      "created_at": "2021-05-28 14:09:15-07:00"
    }
  },
  {
    "model": "park.photo",
    "pk": 1,
    "fields": {
      "feedback": 637011,
      "file": "https://accessibility.bcparks.ca/images/23-637-1-1-64.jpg"
    }
  },
  {
    "model": "park.photo",
    "pk": 2,
    "fields": {
      "feedback": 637011,
      "file": "https://accessibility.bcparks.ca/images/23-637-1-1-87.jpg"
    }
  },
  {
    "model": "park.photo",
    "pk": 3,
    "fields": {
      "feedback": 637011,
      "file": "https://accessibility.bcparks.ca/images/23-637-1-1-BD.jpg"
    }
  },
  {
    "model": "park.photo",
    "pk": 4,
    "fields": {
      "feedback": 637012,
      "file": "https://accessibility.bcparks.ca/images/23-637-1-2-0D.jpg"
    }
  },
  {
    "model": "park.photo",
    "pk": 5,
    "fields": {
      "feedback": 637012,
      "file": "https://accessibility.bcparks.ca/images/23-637-1-2-61.jpg"
    }
  },
  {
    "model": "park.photo",
    "pk": 6,
    "fields": {
      "feedback": 637012,
      "file": "https://accessibility.bcparks.ca/images/23-637-1-2-C9.jpg"
    }
  },
  {
    "model": "park.photo",
    "pk": 7,
    "fields": {
      "feedback": 637021,
      "file": "https://accessibility.bcparks.ca/images/23-637-2-1-2F.jpg"
    }
  },
  {
    "model": "park.photo",
    "pk": 8,
    "fields": {
      "feedback": 637021,
      "file": "https://accessibility.bcparks.ca/images/23-637-2-1-3C.jpg"
    }
  },
  {
    "model": "park.photo",
    "pk": 9,
    "fields": {
      "feedback": 637021,
      "file": "https://accessibility.bcparks.ca/images/23-637-2-1-98.jpg"
    }
  },
  {
    "model": "park.photo",
    "pk": 10,
    "fields": {
      "feedback": 637041,
      "file": "https://accessibility.bcparks.ca/images/23-637-4-1-53.jpg"
    }
  },
  {
    "model": "park.photo",
    "pk": 11,
    "fields": {
      "feedback": 637041,
      "file": "https://accessibility.bcparks.ca/images/23-637-4-1-A7.jpg"
    }
  },
  {
    "model": "park.photo",
    "pk": 12,
    "fields": {
      "feedback": 637042,
      "file": "https://accessibility.bcparks.ca/images/23-637-4-2-43.jpg"
    }
  },
  {
    "model": "park.photo",
    "pk": 13,
    "fields": {
      "feedback": 637042,
      "file": "https://accessibility.bcparks.ca/images/23-637-4-2-DB.jpg"
    }
  },
  {
    "model": "park.photo",
    "pk": 14,
    "fields": {
      "feedback": 637043,
      "file": "https://accessibility.bcparks.ca/images/23-637-4-3-69.jpg"
    }
  },
  {
    "model": "park.photo",
    "pk": 15,
    "fields": {
      "feedback": 637045,
      "file": "https://accessibility.bcparks.ca/images/23-637-4-5-5C.jpg"
    }
  },
  {
    "model": "park.photo",
    "pk": 16,
    "fields": {
      "feedback": 637052,
      "file": "https://accessibility.bcparks.ca/images/23-637-5-2-2F.jpg"
    }
  },
  {
    "model": "park.photo",
    "pk": 17,
    "fields": {
      "feedback": 637052,
      "file": "https://accessibility.bcparks.ca/images/23-637-5-2-44.jpg"
    }
  },
  {
    "model": "park.photo",
    "pk": 18,
    "fields": {
      "feedback": 637052,
      "file": "https://accessibility.bcparks.ca/images/23-637-5-2-5F.jpg"
    }
  },
  {
    "model": "park.photo",
    "pk": 19,
    "fields": {
      "feedback": 637071,
      "file": "https://accessibility.bcparks.ca/images/23-637-7-1-21.jpg"
    }
  },
  {
    "model": "park.photo",
    "pk": 20,
    "fields": {
      "feedback": 637071,
      "file": "https://accessibility.bcparks.ca/images/23-637-7-1-85.jpg"
    }
  },
  {
    "model": "park.photo",
    "pk": 21,
    "fields": {
      "feedback": 637071,
      "file": "https://accessibility.bcparks.ca/images/23-637-7-1-FE.jpg"
    }
  },
  {
    "model": "park.photo",
    "pk": 22,
    "fields": {
      "feedback": 637081,
      "file": "https://accessibility.bcparks.ca/images/23-637-8-1-2B.jpg"
    }
  },
  {
    "model": "park.photo",
    "pk": 23,
    "fields": {
      "feedback": 637081,
      "file": "https://accessibility.bcparks.ca/images/23-637-8-1-8B.jpg"
    }
  },
  {
    "model": "park.photo",
    "pk": 24,
    "fields": {
      "feedback": 637081,
      "file": "https://accessibility.bcparks.ca/images/23-637-8-1-A3.jpg"
    }
  },
  {
    "model": "park.photo",
    "pk": 94,
    "fields": {
      "feedback": 467011,
      "file": "https://accessibility.bcparks.ca/images/41-467-1-1-28.jpg"
    }
  },
  {
    "model": "park.photo",
    "pk": 95,
    "fields": {
      "feedback": 467011,
      "file": "https://accessibility.bcparks.ca/images/41-467-1-1-33.jpg"
    }
  },
  {
    "model": "park.photo",
    "pk": 96,
    "fields": {
      "feedback": 467011,
      "file": "https://accessibility.bcparks.ca/images/41-467-1-1-EB.jpg"
    }
  },
  {
    "model": "park.photo",
    "pk": 97,
    "fields": {
      "feedback": 467012,
      "file": "https://accessibility.bcparks.ca/images/41-467-1-2-4F.jpg"
    }
  },
  {
    "model": "park.photo",
    "pk": 98,
    "fields": {
      "feedback": 467012,
      "file": "https://accessibility.bcparks.ca/images/41-467-1-2-60.jpg"
    }
  },
  {
    "model": "park.photo",
    "pk": 99,
    "fields": {
      "feedback": 467012,
      "file": "https://accessibility.bcparks.ca/images/41-467-1-2-8C.jpg"
    }
  },
  {
    "model": "park.photo",
    "pk": 100,
    "fields": {
      "feedback": 467015,
      "file": "https://accessibility.bcparks.ca/images/41-467-1-5-8E.jpg"
    }
  },
  {
    "model": "park.photo",
    "pk": 101,
    "fields": {
      "feedback": 467018,
      "file": "https://accessibility.bcparks.ca/images/41-467-1-8-76.jpg"
    }
  },
  {
    "model": "park.photo",
    "pk": 102,
    "fields": {
      "feedback": 467021,
      "file": "https://accessibility.bcparks.ca/images/41-467-2-1-DC.jpg"
    }
  },
  {
    "model": "park.photo",
    "pk": 103,
    "fields": {
      "feedback": 467021,
      "file": "https://accessibility.bcparks.ca/images/41-467-2-1-F0.jpg"
    }
  },
  {
    "model": "park.photo",
    "pk": 104,
    "fields": {
      "feedback": 467021,
      "file": "https://accessibility.bcparks.ca/images/41-467-2-1-F6.jpg"
    }
  },
  {
    "model": "park.photo",
    "pk": 105,
    "fields": {
      "feedback": 467031,
      "file": "https://accessibility.bcparks.ca/images/41-467-3-1-43.jpg"
    }
  },
  {
    "model": "park.photo",
    "pk": 106,
    "fields": {
      "feedback": 467031,
      "file": "https://accessibility.bcparks.ca/images/41-467-3-1-7A.jpg"
    }
  },
  {
    "model": "park.photo",
    "pk": 107,
    "fields": {
      "feedback": 467032,
      "file": "https://accessibility.bcparks.ca/images/41-467-3-2-B7.jpg"
    }
  },
  {
    "model": "park.photo",
    "pk": 108,
    "fields": {
      "feedback": 467032,
      "file": "https://accessibility.bcparks.ca/images/41-467-3-2-E2.jpg"
    }
  },
  {
    "model": "park.photo",
    "pk": 109,
    "fields": {
      "feedback": 467032,
      "file": "https://accessibility.bcparks.ca/images/41-467-3-2-F6.jpg"
    }
  },
  {
    "model": "park.photo",
    "pk": 110,
    "fields": {
      "feedback": 467041,
      "file": "https://accessibility.bcparks.ca/images/41-467-4-1-28.jpg"
    }
  },
  {
    "model": "park.photo",
    "pk": 111,
    "fields": {
      "feedback": 467041,
      "file": "https://accessibility.bcparks.ca/images/41-467-4-1-98.jpg"
    }
  },
  {
    "model": "park.photo",
    "pk": 112,
    "fields": {
      "feedback": 467042,
      "file": "https://accessibility.bcparks.ca/images/41-467-4-2-76.jpg"
    }
  },
  {
    "model": "park.photo",
    "pk": 113,
    "fields": {
      "feedback": 467042,
      "file": "https://accessibility.bcparks.ca/images/41-467-4-2-FA.jpg"
    }
  },
  {
    "model": "park.photo",
    "pk": 114,
    "fields": {
      "feedback": 467043,
      "file": "https://accessibility.bcparks.ca/images/41-467-4-3-27.jpg"
    }
  },
  {
    "model": "park.photo",
    "pk": 115,
    "fields": {
      "feedback": 467044,
      "file": "https://accessibility.bcparks.ca/images/41-467-4-4-B0.jpg"
    }
  },
  {
    "model": "park.photo",
    "pk": 116,
    "fields": {
      "feedback": 467044,
      "file": "https://accessibility.bcparks.ca/images/41-467-4-4-DF.jpg"
    }
  },
  {
    "model": "park.photo",
    "pk": 117,
    "fields": {
      "feedback": 467051,
      "file": "https://accessibility.bcparks.ca/images/41-467-5-1-90.jpg"
    }
  },
  {
    "model": "park.photo",
    "pk": 118,
    "fields": {
      "feedback": 467051,
      "file": "https://accessibility.bcparks.ca/images/41-467-5-1-9F.jpg"
    }
  },
  {
    "model": "park.photo",
    "pk": 119,
    "fields": {
      "feedback": 467051,
      "file": "https://accessibility.bcparks.ca/images/41-467-5-1-B5.jpg"
    }
  },
  {
    "model": "park.photo",
    "pk": 120,
    "fields": {
      "feedback": 467052,
      "file": "https://accessibility.bcparks.ca/images/41-467-5-2-A7.jpg"
    }
  },
  {
    "model": "park.photo",
    "pk": 121,
    "fields": {
      "feedback": 467052,
      "file": "https://accessibility.bcparks.ca/images/41-467-5-2-BD.jpg"
    }
  },
  {
    "model": "park.photo",
    "pk": 122,
    "fields": {
      "feedback": 467052,
      "file": "https://accessibility.bcparks.ca/images/41-467-5-2-E0.jpg"
    }
  },
  {
    "model": "park.photo",
    "pk": 123,
    "fields": {
      "feedback": 467061,
      "file": "https://accessibility.bcparks.ca/images/41-467-6-1-BA.jpg"
    }
  },
  {
    "model": "park.photo",
    "pk": 124,
    "fields": {
      "feedback": 467082,
      "file": "https://accessibility.bcparks.ca/images/41-467-8-2-28.jpg"
    }
  },
  {
    "model": "park.photo",
    "pk": 125,
    "fields": {
      "feedback": 467082,
      "file": "https://accessibility.bcparks.ca/images/41-467-8-2-91.jpg"
    }
  },
  {
    "model": "park.photo",
    "pk": 126,
    "fields": {
      "feedback": 467082,
      "file": "https://accessibility.bcparks.ca/images/41-467-8-2-98.jpg"
    }
  },
  {
    "model": "park.photo",
    "pk": 188,
    "fields": {
      "feedback": 744101,
      "file": "https://accessibility.bcparks.ca/images/84-744-10-1-29.jpg"
    }
  },
  {
    "model": "park.photo",
    "pk": 189,
    "fields": {
      "feedback": 744101,
      "file": "https://accessibility.bcparks.ca/images/84-744-10-1-89.jpg"
    }
  },
  {
    "model": "park.photo",
    "pk": 190,
    "fields": {
      "feedback": 744102,
      "file": "https://accessibility.bcparks.ca/images/84-744-10-2-34.jpg"
    }
  },
  {
    "model": "park.photo",
    "pk": 191,
    "fields": {
      "feedback": 744102,
      "file": "https://accessibility.bcparks.ca/images/84-744-10-2-92.jpg"
    }
  },
  {
    "model": "park.photo",
    "pk": 192,
    "fields": {
      "feedback": 744102,
      "file": "https://accessibility.bcparks.ca/images/84-744-10-2-A2.jpg"
    }
  },
  {
    "model": "park.photo",
    "pk": 193,
    "fields": {
      "feedback": 744011,
      "file": "https://accessibility.bcparks.ca/images/84-744-1-1-85.jpg"
    }
  },
  {
    "model": "park.photo",
    "pk": 194,
    "fields": {
      "feedback": 744011,
      "file": "https://accessibility.bcparks.ca/images/84-744-1-1-92.jpg"
    }
  },
  {
    "model": "park.photo",
    "pk": 195,
    "fields": {
      "feedback": 744011,
      "file": "https://accessibility.bcparks.ca/images/84-744-1-1-C2.jpg"
    }
  },
  {
    "model": "park.photo",
    "pk": 196,
    "fields": {
      "feedback": 744012,
      "file": "https://accessibility.bcparks.ca/images/84-744-1-2-73.jpg"
    }
  },
  {
    "model": "park.photo",
    "pk": 197,
    "fields": {
      "feedback": 744012,
      "file": "https://accessibility.bcparks.ca/images/84-744-1-2-98.jpg"
    }
  },
  {
    "model": "park.photo",
    "pk": 198,
    "fields": {
      "feedback": 744013,
      "file": "https://accessibility.bcparks.ca/images/84-744-1-3-B0.jpg"
    }
  },
  {
    "model": "park.photo",
    "pk": 199,
    "fields": {
      "feedback": 744013,
      "file": "https://accessibility.bcparks.ca/images/84-744-1-3-F8.jpg"
    }
  },
  {
    "model": "park.photo",
    "pk": 200,
    "fields": {
      "feedback": 744014,
      "file": "https://accessibility.bcparks.ca/images/84-744-1-4-CD.jpg"
    }
  },
  {
    "model": "park.photo",
    "pk": 201,
    "fields": {
      "feedback": 744015,
      "file": "https://accessibility.bcparks.ca/images/84-744-1-5-04.jpg"
    }
  },
  {
    "model": "park.photo",
    "pk": 202,
    "fields": {
      "feedback": 744015,
      "file": "https://accessibility.bcparks.ca/images/84-744-1-5-6B.jpg"
    }
  },
  {
    "model": "park.photo",
    "pk": 203,
    "fields": {
      "feedback": 744015,
      "file": "https://accessibility.bcparks.ca/images/84-744-1-5-F3.jpg"
    }
  },
  {
    "model": "park.photo",
    "pk": 204,
    "fields": {
      "feedback": 744016,
      "file": "https://accessibility.bcparks.ca/images/84-744-1-6-52.jpg"
    }
  },
  {
    "model": "park.photo",
    "pk": 205,
    "fields": {
      "feedback": 744016,
      "file": "https://accessibility.bcparks.ca/images/84-744-1-6-8D.jpg"
    }
  },
  {
    "model": "park.photo",
    "pk": 206,
    "fields": {
      "feedback": 744018,
      "file": "https://accessibility.bcparks.ca/images/84-744-1-8-19.jpg"
    }
  },
  {
    "model": "park.photo",
    "pk": 207,
    "fields": {
      "feedback": 744018,
      "file": "https://accessibility.bcparks.ca/images/84-744-1-8-28.jpg"
    }
  },
  {
    "model": "park.photo",
    "pk": 208,
    "fields": {
      "feedback": 744018,
      "file": "https://accessibility.bcparks.ca/images/84-744-1-8-71.jpg"
    }
  },
  {
    "model": "park.photo",
    "pk": 209,
    "fields": {
      "feedback": 744021,
      "file": "https://accessibility.bcparks.ca/images/84-744-2-1-41.jpg"
    }
  },
  {
    "model": "park.photo",
    "pk": 210,
    "fields": {
      "feedback": 744021,
      "file": "https://accessibility.bcparks.ca/images/84-744-2-1-7F.jpg"
    }
  },
  {
    "model": "park.photo",
    "pk": 211,
    "fields": {
      "feedback": 744023,
      "file": "https://accessibility.bcparks.ca/images/84-744-2-3-48.jpg"
    }
  },
  {
    "model": "park.photo",
    "pk": 212,
    "fields": {
      "feedback": 744023,
      "file": "https://accessibility.bcparks.ca/images/84-744-2-3-7C.jpg"
    }
  },
  {
    "model": "park.photo",
    "pk": 213,
    "fields": {
      "feedback": 744023,
      "file": "https://accessibility.bcparks.ca/images/84-744-2-3-8C.jpg"
    }
  },
  {
    "model": "park.photo",
    "pk": 214,
    "fields": {
      "feedback": 744032,
      "file": "https://accessibility.bcparks.ca/images/84-744-3-2-0C.jpg"
    }
  },
  {
    "model": "park.photo",
    "pk": 215,
    "fields": {
      "feedback": 744032,
      "file": "https://accessibility.bcparks.ca/images/84-744-3-2-9D.jpg"
    }
  },
  {
    "model": "park.photo",
    "pk": 216,
    "fields": {
      "feedback": 744032,
      "file": "https://accessibility.bcparks.ca/images/84-744-3-2-A4.jpg"
    }
  },
  {
    "model": "park.photo",
    "pk": 217,
    "fields": {
      "feedback": 744041,
      "file": "https://accessibility.bcparks.ca/images/84-744-4-1-4C.jpg"
    }
  },
  {
    "model": "park.photo",
    "pk": 218,
    "fields": {
      "feedback": 744041,
      "file": "https://accessibility.bcparks.ca/images/84-744-4-1-4E.jpg"
    }
  },
  {
    "model": "park.photo",
    "pk": 219,
    "fields": {
      "feedback": 744042,
      "file": "https://accessibility.bcparks.ca/images/84-744-4-2-AA.jpg"
    }
  },
  {
    "model": "park.photo",
    "pk": 220,
    "fields": {
      "feedback": 744042,
      "file": "https://accessibility.bcparks.ca/images/84-744-4-2-D4.jpg"
    }
  },
  {
    "model": "park.photo",
    "pk": 221,
    "fields": {
      "feedback": 744042,
      "file": "https://accessibility.bcparks.ca/images/84-744-4-2-E1.jpg"
    }
  },
  {
    "model": "park.photo",
    "pk": 222,
    "fields": {
      "feedback": 744043,
      "file": "https://accessibility.bcparks.ca/images/84-744-4-3-58.jpg"
    }
  },
  {
    "model": "park.photo",
    "pk": 223,
    "fields": {
      "feedback": 744044,
      "file": "https://accessibility.bcparks.ca/images/84-744-4-4-0B.jpg"
    }
  },
  {
    "model": "park.photo",
    "pk": 224,
    "fields": {
      "feedback": 744044,
      "file": "https://accessibility.bcparks.ca/images/84-744-4-4-34.jpg"
    }
  },
  {
    "model": "park.photo",
    "pk": 225,
    "fields": {
      "feedback": 744044,
      "file": "https://accessibility.bcparks.ca/images/84-744-4-4-DC.jpg"
    }
  },
  {
    "model": "park.photo",
    "pk": 226,
    "fields": {
      "feedback": 744046,
      "file": "https://accessibility.bcparks.ca/images/84-744-4-6-4C.jpg"
    }
  },
  {
    "model": "park.photo",
    "pk": 227,
    "fields": {
      "feedback": 744051,
      "file": "https://accessibility.bcparks.ca/images/84-744-5-1-04.jpg"
    }
  },
  {
    "model": "park.photo",
    "pk": 228,
    "fields": {
      "feedback": 744051,
      "file": "https://accessibility.bcparks.ca/images/84-744-5-1-B9.jpg"
    }
  },
  {
    "model": "park.photo",
    "pk": 229,
    "fields": {
      "feedback": 744051,
      "file": "https://accessibility.bcparks.ca/images/84-744-5-1-D3.jpg"
    }
  },
  {
    "model": "park.photo",
    "pk": 230,
    "fields": {
      "feedback": 744052,
      "file": "https://accessibility.bcparks.ca/images/84-744-5-2-16.jpg"
    }
  },
  {
    "model": "park.photo",
    "pk": 231,
    "fields": {
      "feedback": 744052,
      "file": "https://accessibility.bcparks.ca/images/84-744-5-2-64.jpg"
    }
  },
  {
    "model": "park.photo",
    "pk": 232,
    "fields": {
      "feedback": 744052,
      "file": "https://accessibility.bcparks.ca/images/84-744-5-2-A1.jpg"
    }
  },
  {
    "model": "park.photo",
    "pk": 233,
    "fields": {
      "feedback": 744053,
      "file": "https://accessibility.bcparks.ca/images/84-744-5-3-17.jpg"
    }
  },
  {
    "model": "park.photo",
    "pk": 234,
    "fields": {
      "feedback": 744053,
      "file": "https://accessibility.bcparks.ca/images/84-744-5-3-C5.jpg"
    }
  },
  {
    "model": "park.photo",
    "pk": 235,
    "fields": {
      "feedback": 744053,
      "file": "https://accessibility.bcparks.ca/images/84-744-5-3-C7.jpg"
    }
  },
  {
    "model": "park.photo",
    "pk": 236,
    "fields": {
      "feedback": 744061,
      "file": "https://accessibility.bcparks.ca/images/84-744-6-1-72.jpg"
    }
  },
  {
    "model": "park.photo",
    "pk": 237,
    "fields": {
      "feedback": 744061,
      "file": "https://accessibility.bcparks.ca/images/84-744-6-1-7B.jpg"
    }
  },
  {
    "model": "park.photo",
    "pk": 238,
    "fields": {
      "feedback": 744063,
      "file": "https://accessibility.bcparks.ca/images/84-744-6-3-2F.jpg"
    }
  },
  {
    "model": "park.photo",
    "pk": 239,
    "fields": {
      "feedback": 744063,
      "file": "https://accessibility.bcparks.ca/images/84-744-6-3-AF.jpg"
    }
  },
  {
    "model": "park.photo",
    "pk": 240,
    "fields": {
      "feedback": 744063,
      "file": "https://accessibility.bcparks.ca/images/84-744-6-3-B0.jpg"
    }
  },
  {
    "model": "park.photo",
    "pk": 241,
    "fields": {
      "feedback": 744071,
      "file": "https://accessibility.bcparks.ca/images/84-744-7-1-05.jpg"
    }
  },
  {
    "model": "park.photo",
    "pk": 242,
    "fields": {
      "feedback": 744071,
      "file": "https://accessibility.bcparks.ca/images/84-744-7-1-B7.jpg"
    }
  },
  {
    "model": "park.photo",
    "pk": 243,
    "fields": {
      "feedback": 744071,
      "file": "https://accessibility.bcparks.ca/images/84-744-7-1-CF.jpg"
    }
  },
  {
    "model": "park.photo",
    "pk": 244,
    "fields": {
      "feedback": 744072,
      "file": "https://accessibility.bcparks.ca/images/84-744-7-2-25.jpg"
    }
  },
  {
    "model": "park.photo",
    "pk": 245,
    "fields": {
      "feedback": 744072,
      "file": "https://accessibility.bcparks.ca/images/84-744-7-2-29.jpg"
    }
  },
  {
    "model": "park.photo",
    "pk": 246,
    "fields": {
      "feedback": 744072,
      "file": "https://accessibility.bcparks.ca/images/84-744-7-2-38.jpg"
    }
  },
  {
    "model": "park.photo",
    "pk": 247,
    "fields": {
      "feedback": 744074,
      "file": "https://accessibility.bcparks.ca/images/84-744-7-4-28.jpg"
    }
  },
  {
    "model": "park.photo",
    "pk": 248,
    "fields": {
      "feedback": 744074,
      "file": "https://accessibility.bcparks.ca/images/84-744-7-4-4B.jpg"
    }
  },
  {
    "model": "park.photo",
    "pk": 249,
    "fields": {
      "feedback": 744074,
      "file": "https://accessibility.bcparks.ca/images/84-744-7-4-AE.jpg"
    }
  },
  {
    "model": "park.photo",
    "pk": 250,
    "fields": {
      "feedback": 744081,
      "file": "https://accessibility.bcparks.ca/images/84-744-8-1-3D.jpg"
    }
  },
  {
    "model": "park.photo",
    "pk": 251,
    "fields": {
      "feedback": 744081,
      "file": "https://accessibility.bcparks.ca/images/84-744-8-1-99.jpg"
    }
  },
  {
    "model": "park.photo",
    "pk": 252,
    "fields": {
      "feedback": 744081,
      "file": "https://accessibility.bcparks.ca/images/84-744-8-1-C6.jpg"
    }
  },
  {
    "model": "park.photo",
    "pk": 253,
    "fields": {
      "feedback": 744082,
      "file": "https://accessibility.bcparks.ca/images/84-744-8-2-5D.jpg"
    }
  },
  {
    "model": "park.photo",
    "pk": 254,
    "fields": {
      "feedback": 744082,
      "file": "https://accessibility.bcparks.ca/images/84-744-8-2-F5.jpg"
    }
  },
  {
    "model": "park.photo",
    "pk": 255,
    "fields": {
      "feedback": 744091,
      "file": "https://accessibility.bcparks.ca/images/84-744-9-1-22.jpg"
    }
  },
  {
    "model": "park.photo",
    "pk": 256,
    "fields": {
      "feedback": 744091,
      "file": "https://accessibility.bcparks.ca/images/84-744-9-1-65.jpg"
    }
  },
  {
    "model": "park.photo",
    "pk": 257,
    "fields": {
      "feedback": 744091,
      "file": "https://accessibility.bcparks.ca/images/84-744-9-1-F0.jpg"
    }
  },
  {
    "model": "park.photo",
    "pk": 258,
    "fields": {
      "feedback": 744092,
      "file": "https://accessibility.bcparks.ca/images/84-744-9-2-4E.jpg"
    }
  },
  {
    "model": "park.photo",
    "pk": 259,
    "fields": {
      "feedback": 744092,
      "file": "https://accessibility.bcparks.ca/images/84-744-9-2-7B.jpg"
    }
  },
  {
    "model": "park.photo",
    "pk": 260,
    "fields": {
      "feedback": 744092,
      "file": "https://accessibility.bcparks.ca/images/84-744-9-2-F3.jpg"
    }
  },
  {
    "model": "park.photo",
    "pk": 261,
    "fields": {
      "feedback": 744093,
      "file": "https://accessibility.bcparks.ca/images/84-744-9-3-25.jpg"
    }
  },
  {
    "model": "park.photo",
    "pk": 262,
    "fields": {
      "feedback": 744093,
      "file": "https://accessibility.bcparks.ca/images/84-744-9-3-A2.jpg"
    }
  },
  {
    "model": "park.photo",
    "pk": 263,
    "fields": {
      "feedback": 744095,
      "file": "https://accessibility.bcparks.ca/images/84-744-9-5-86.jpg"
    }
  },
  {
    "model": "park.photo",
    "pk": 264,
    "fields": {
      "feedback": 744095,
      "file": "https://accessibility.bcparks.ca/images/84-744-9-5-95.jpg"
    }
  },
  {
    "model": "park.photo",
    "pk": 265,
    "fields": {
      "feedback": 744095,
      "file": "https://accessibility.bcparks.ca/images/84-744-9-5-96.jpg"
    }
  },
  {
    "model": "park.photo",
    "pk": 266,
    "fields": {
      "feedback": 744096,
      "file": "https://accessibility.bcparks.ca/images/84-744-9-6-CD.jpg"
    }
  },
  {
    "model": "park.photo",
    "pk": 295,
    "fields": {
      "feedback": 514101,
      "file": "https://accessibility.bcparks.ca/images/96-514-10-1-56.jpg"
    }
  },
  {
    "model": "park.photo",
    "pk": 296,
    "fields": {
      "feedback": 514101,
      "file": "https://accessibility.bcparks.ca/images/96-514-10-1-58.jpg"
    }
  },
  {
    "model": "park.photo",
    "pk": 297,
    "fields": {
      "feedback": 514102,
      "file": "https://accessibility.bcparks.ca/images/96-514-10-2-10.jpg"
    }
  },
  {
    "model": "park.photo",
    "pk": 298,
    "fields": {
      "feedback": 514102,
      "file": "https://accessibility.bcparks.ca/images/96-514-10-2-61.jpg"
    }
  },
  {
    "model": "park.photo",
    "pk": 299,
    "fields": {
      "feedback": 514102,
      "file": "https://accessibility.bcparks.ca/images/96-514-10-2-F7.jpg"
    }
  },
  {
    "model": "park.photo",
    "pk": 300,
    "fields": {
      "feedback": 514011,
      "file": "https://accessibility.bcparks.ca/images/96-514-1-1-04.jpg"
    }
  },
  {
    "model": "park.photo",
    "pk": 301,
    "fields": {
      "feedback": 514011,
      "file": "https://accessibility.bcparks.ca/images/96-514-1-1-A1.jpg"
    }
  },
  {
    "model": "park.photo",
    "pk": 302,
    "fields": {
      "feedback": 514011,
      "file": "https://accessibility.bcparks.ca/images/96-514-1-1-BC.jpg"
    }
  },
  {
    "model": "park.photo",
    "pk": 303,
    "fields": {
      "feedback": 514018,
      "file": "https://accessibility.bcparks.ca/images/96-514-1-8-45.jpg"
    }
  },
  {
    "model": "park.photo",
    "pk": 304,
    "fields": {
      "feedback": 514018,
      "file": "https://accessibility.bcparks.ca/images/96-514-1-8-93.jpg"
    }
  },
  {
    "model": "park.photo",
    "pk": 305,
    "fields": {
      "feedback": 514021,
      "file": "https://accessibility.bcparks.ca/images/96-514-2-1-4F.jpg"
    }
  },
  {
    "model": "park.photo",
    "pk": 306,
    "fields": {
      "feedback": 514021,
      "file": "https://accessibility.bcparks.ca/images/96-514-2-1-61.jpg"
    }
  },
  {
    "model": "park.photo",
    "pk": 307,
    "fields": {
      "feedback": 514021,
      "file": "https://accessibility.bcparks.ca/images/96-514-2-1-6A.jpg"
    }
  },
  {
    "model": "park.photo",
    "pk": 308,
    "fields": {
      "feedback": 514023,
      "file": "https://accessibility.bcparks.ca/images/96-514-2-3-45.jpg"
    }
  },
  {
    "model": "park.photo",
    "pk": 309,
    "fields": {
      "feedback": 514023,
      "file": "https://accessibility.bcparks.ca/images/96-514-2-3-72.jpg"
    }
  },
  {
    "model": "park.photo",
    "pk": 310,
    "fields": {
      "feedback": 514031,
      "file": "https://accessibility.bcparks.ca/images/96-514-3-1-61.jpg"
    }
  },
  {
    "model": "park.photo",
    "pk": 311,
    "fields": {
      "feedback": 514031,
      "file": "https://accessibility.bcparks.ca/images/96-514-3-1-80.jpg"
    }
  },
  {
    "model": "park.photo",
    "pk": 312,
    "fields": {
      "feedback": 514031,
      "file": "https://accessibility.bcparks.ca/images/96-514-3-1-B2.jpg"
    }
  },
  {
    "model": "park.photo",
    "pk": 313,
    "fields": {
      "feedback": 514032,
      "file": "https://accessibility.bcparks.ca/images/96-514-3-2-16.jpg"
    }
  },
  {
    "model": "park.photo",
    "pk": 314,
    "fields": {
      "feedback": 514032,
      "file": "https://accessibility.bcparks.ca/images/96-514-3-2-A6.jpg"
    }
  },
  {
    "model": "park.photo",
    "pk": 315,
    "fields": {
      "feedback": 514032,
      "file": "https://accessibility.bcparks.ca/images/96-514-3-2-E6.jpg"
    }
  },
  {
    "model": "park.photo",
    "pk": 316,
    "fields": {
      "feedback": 514042,
      "file": "https://accessibility.bcparks.ca/images/96-514-4-2-5B.jpg"
    }
  },
  {
    "model": "park.photo",
    "pk": 317,
    "fields": {
      "feedback": 514042,
      "file": "https://accessibility.bcparks.ca/images/96-514-4-2-F2.jpg"
    }
  },
  {
    "model": "park.photo",
    "pk": 318,
    "fields": {
      "feedback": 514044,
      "file": "https://accessibility.bcparks.ca/images/96-514-4-4-72.jpg"
    }
  },
  {
    "model": "park.photo",
    "pk": 319,
    "fields": {
      "feedback": 514051,
      "file": "https://accessibility.bcparks.ca/images/96-514-5-1-0A.jpg"
    }
  },
  {
    "model": "park.photo",
    "pk": 320,
    "fields": {
      "feedback": 514051,
      "file": "https://accessibility.bcparks.ca/images/96-514-5-1-49.jpg"
    }
  },
  {
    "model": "park.photo",
    "pk": 321,
    "fields": {
      "feedback": 514051,
      "file": "https://accessibility.bcparks.ca/images/96-514-5-1-BB.jpg"
    }
  },
  {
    "model": "park.photo",
    "pk": 322,
    "fields": {
      "feedback": 514052,
      "file": "https://accessibility.bcparks.ca/images/96-514-5-2-34.jpg"
    }
  },
  {
    "model": "park.photo",
    "pk": 323,
    "fields": {
      "feedback": 514052,
      "file": "https://accessibility.bcparks.ca/images/96-514-5-2-BC.jpg"
    }
  },
  {
    "model": "park.photo",
    "pk": 324,
    "fields": {
      "feedback": 514052,
      "file": "https://accessibility.bcparks.ca/images/96-514-5-2-CB.jpg"
    }
  },
  {
    "model": "park.photo",
    "pk": 325,
    "fields": {
      "feedback": 514053,
      "file": "https://accessibility.bcparks.ca/images/96-514-5-3-22.jpg"
    }
  },
  {
    "model": "park.photo",
    "pk": 326,
    "fields": {
      "feedback": 514053,
      "file": "https://accessibility.bcparks.ca/images/96-514-5-3-89.jpg"
    }
  },
  {
    "model": "park.photo",
    "pk": 327,
    "fields": {
      "feedback": 514061,
      "file": "https://accessibility.bcparks.ca/images/96-514-6-1-4E.jpg"
    }
  },
  {
    "model": "park.photo",
    "pk": 328,
    "fields": {
      "feedback": 514061,
      "file": "https://accessibility.bcparks.ca/images/96-514-6-1-AF.jpg"
    }
  },
  {
    "model": "park.photo",
    "pk": 329,
    "fields": {
      "feedback": 514061,
      "file": "https://accessibility.bcparks.ca/images/96-514-6-1-FA.jpg"
    }
  },
  {
    "model": "park.photo",
    "pk": 330,
    "fields": {
      "feedback": 514074,
      "file": "https://accessibility.bcparks.ca/images/96-514-7-4-0E.jpg"
    }
  },
  {
    "model": "park.photo",
    "pk": 331,
    "fields": {
      "feedback": 514074,
      "file": "https://accessibility.bcparks.ca/images/96-514-7-4-91.jpg"
    }
  },
  {
    "model": "park.photo",
    "pk": 332,
    "fields": {
      "feedback": 514091,
      "file": "https://accessibility.bcparks.ca/images/96-514-9-1-0D.jpg"
    }
  },
  {
    "model": "park.photo",
    "pk": 333,
    "fields": {
      "feedback": 514091,
      "file": "https://accessibility.bcparks.ca/images/96-514-9-1-71.jpg"
    }
  },
  {
    "model": "park.photo",
    "pk": 334,
    "fields": {
      "feedback": 514091,
      "file": "https://accessibility.bcparks.ca/images/96-514-9-1-7B.jpg"
    }
  },
  {
    "model": "park.photo",
    "pk": 406,
    "fields": {
      "feedback": 679011,
      "file": "https://accessibility.bcparks.ca/images/200-679-1-1-30.jpg"
    }
  },
  {
    "model": "park.photo",
    "pk": 407,
    "fields": {
      "feedback": 679011,
      "file": "https://accessibility.bcparks.ca/images/200-679-1-1-55.jpg"
    }
  },
  {
    "model": "park.photo",
    "pk": 408,
    "fields": {
      "feedback": 679011,
      "file": "https://accessibility.bcparks.ca/images/200-679-1-1-8F.jpg"
    }
  },
  {
    "model": "park.photo",
    "pk": 409,
    "fields": {
      "feedback": 679012,
      "file": "https://accessibility.bcparks.ca/images/200-679-1-2-32.jpg"
    }
  },
  {
    "model": "park.photo",
    "pk": 410,
    "fields": {
      "feedback": 679012,
      "file": "https://accessibility.bcparks.ca/images/200-679-1-2-B5.jpg"
    }
  },
  {
    "model": "park.photo",
    "pk": 411,
    "fields": {
      "feedback": 679012,
      "file": "https://accessibility.bcparks.ca/images/200-679-1-2-C7.jpg"
    }
  },
  {
    "model": "park.photo",
    "pk": 412,
    "fields": {
      "feedback": 679021,
      "file": "https://accessibility.bcparks.ca/images/200-679-2-1-2A.jpg"
    }
  },
  {
    "model": "park.photo",
    "pk": 413,
    "fields": {
      "feedback": 679021,
      "file": "https://accessibility.bcparks.ca/images/200-679-2-1-54.jpg"
    }
  },
  {
    "model": "park.photo",
    "pk": 414,
    "fields": {
      "feedback": 679021,
      "file": "https://accessibility.bcparks.ca/images/200-679-2-1-B0.jpg"
    }
  },
  {
    "model": "park.photo",
    "pk": 415,
    "fields": {
      "feedback": 679041,
      "file": "https://accessibility.bcparks.ca/images/200-679-4-1-47.jpg"
    }
  },
  {
    "model": "park.photo",
    "pk": 416,
    "fields": {
      "feedback": 679041,
      "file": "https://accessibility.bcparks.ca/images/200-679-4-1-88.jpg"
    }
  },
  {
    "model": "park.photo",
    "pk": 417,
    "fields": {
      "feedback": 679041,
      "file": "https://accessibility.bcparks.ca/images/200-679-4-1-E4.jpg"
    }
  },
  {
    "model": "park.photo",
    "pk": 418,
    "fields": {
      "feedback": 679042,
      "file": "https://accessibility.bcparks.ca/images/200-679-4-2-8F.jpg"
    }
  },
  {
    "model": "park.photo",
    "pk": 419,
    "fields": {
      "feedback": 679042,
      "file": "https://accessibility.bcparks.ca/images/200-679-4-2-FB.jpg"
    }
  },
  {
    "model": "park.photo",
    "pk": 420,
    "fields": {
      "feedback": 679044,
      "file": "https://accessibility.bcparks.ca/images/200-679-4-4-6A.jpg"
    }
  },
  {
    "model": "park.photo",
    "pk": 421,
    "fields": {
      "feedback": 679044,
      "file": "https://accessibility.bcparks.ca/images/200-679-4-4-94.jpg"
    }
  },
  {
    "model": "park.photo",
    "pk": 422,
    "fields": {
      "feedback": 679051,
      "file": "https://accessibility.bcparks.ca/images/200-679-5-1-51.jpg"
    }
  },
  {
    "model": "park.photo",
    "pk": 423,
    "fields": {
      "feedback": 679051,
      "file": "https://accessibility.bcparks.ca/images/200-679-5-1-98.jpg"
    }
  },
  {
    "model": "park.photo",
    "pk": 424,
    "fields": {
      "feedback": 679051,
      "file": "https://accessibility.bcparks.ca/images/200-679-5-1-C8.jpg"
    }
  },
  {
    "model": "park.photo",
    "pk": 425,
    "fields": {
      "feedback": 679061,
      "file": "https://accessibility.bcparks.ca/images/200-679-6-1-ED.jpg"
    }
  },
  {
    "model": "park.photo",
    "pk": 426,
    "fields": {
      "feedback": 679081,
      "file": "https://accessibility.bcparks.ca/images/200-679-8-1-43.jpg"
    }
  },
  {
    "model": "park.photo",
    "pk": 427,
    "fields": {
      "feedback": 679081,
      "file": "https://accessibility.bcparks.ca/images/200-679-8-1-D4.jpg"
    }
  },
  {
    "model": "park.photo",
    "pk": 428,
    "fields": {
      "feedback": 679081,
      "file": "https://accessibility.bcparks.ca/images/200-679-8-1-DF.jpg"
    }
  },
  {
    "model": "park.photo",
    "pk": 429,
    "fields": {
      "feedback": 679082,
      "file": "https://accessibility.bcparks.ca/images/200-679-8-2-6B.jpg"
    }
  },
  {
    "model": "park.photo",
    "pk": 430,
    "fields": {
      "feedback": 679082,
      "file": "https://accessibility.bcparks.ca/images/200-679-8-2-FB.jpg"
    }
  },
  {
    "model": "park.photo",
    "pk": 456,
    "fields": {
      "feedback": 646018,
      "file": "https://accessibility.bcparks.ca/images/314-646-1-8-03.jpg"
    }
  },
  {
    "model": "park.photo",
    "pk": 457,
    "fields": {
      "feedback": 646018,
      "file": "https://accessibility.bcparks.ca/images/314-646-1-8-B7.jpg"
    }
  },
  {
    "model": "park.photo",
    "pk": 458,
    "fields": {
      "feedback": 646018,
      "file": "https://accessibility.bcparks.ca/images/314-646-1-8-D6.jpg"
    }
  },
  {
    "model": "park.photo",
    "pk": 459,
    "fields": {
      "feedback": 646021,
      "file": "https://accessibility.bcparks.ca/images/314-646-2-1-43.jpg"
    }
  },
  {
    "model": "park.photo",
    "pk": 460,
    "fields": {
      "feedback": 646021,
      "file": "https://accessibility.bcparks.ca/images/314-646-2-1-4D.jpg"
    }
  },
  {
    "model": "park.photo",
    "pk": 461,
    "fields": {
      "feedback": 646021,
      "file": "https://accessibility.bcparks.ca/images/314-646-2-1-7B.jpg"
    }
  },
  {
    "model": "park.photo",
    "pk": 462,
    "fields": {
      "feedback": 646031,
      "file": "https://accessibility.bcparks.ca/images/314-646-3-1-35.jpg"
    }
  },
  {
    "model": "park.photo",
    "pk": 463,
    "fields": {
      "feedback": 646031,
      "file": "https://accessibility.bcparks.ca/images/314-646-3-1-A3.jpg"
    }
  },
  {
    "model": "park.photo",
    "pk": 464,
    "fields": {
      "feedback": 646031,
      "file": "https://accessibility.bcparks.ca/images/314-646-3-1-BD.jpg"
    }
  },
  {
    "model": "park.photo",
    "pk": 465,
    "fields": {
      "feedback": 646032,
      "file": "https://accessibility.bcparks.ca/images/314-646-3-2-07.jpg"
    }
  },
  {
    "model": "park.photo",
    "pk": 466,
    "fields": {
      "feedback": 646032,
      "file": "https://accessibility.bcparks.ca/images/314-646-3-2-A4.jpg"
    }
  },
  {
    "model": "park.photo",
    "pk": 467,
    "fields": {
      "feedback": 646032,
      "file": "https://accessibility.bcparks.ca/images/314-646-3-2-B9.jpg"
    }
  },
  {
    "model": "park.photo",
    "pk": 468,
    "fields": {
      "feedback": 646041,
      "file": "https://accessibility.bcparks.ca/images/314-646-4-1-01.jpg"
    }
  },
  {
    "model": "park.photo",
    "pk": 469,
    "fields": {
      "feedback": 646041,
      "file": "https://accessibility.bcparks.ca/images/314-646-4-1-3A.jpg"
    }
  },
  {
    "model": "park.photo",
    "pk": 470,
    "fields": {
      "feedback": 646041,
      "file": "https://accessibility.bcparks.ca/images/314-646-4-1-B1.jpg"
    }
  },
  {
    "model": "park.photo",
    "pk": 471,
    "fields": {
      "feedback": 646042,
      "file": "https://accessibility.bcparks.ca/images/314-646-4-2-2A.jpg"
    }
  },
  {
    "model": "park.photo",
    "pk": 472,
    "fields": {
      "feedback": 646042,
      "file": "https://accessibility.bcparks.ca/images/314-646-4-2-69.jpg"
    }
  },
  {
    "model": "park.photo",
    "pk": 473,
    "fields": {
      "feedback": 646042,
      "file": "https://accessibility.bcparks.ca/images/314-646-4-2-71.jpg"
    }
  },
  {
    "model": "park.photo",
    "pk": 474,
    "fields": {
      "feedback": 646043,
      "file": "https://accessibility.bcparks.ca/images/314-646-4-3-18.jpg"
    }
  },
  {
    "model": "park.photo",
    "pk": 475,
    "fields": {
      "feedback": 646043,
      "file": "https://accessibility.bcparks.ca/images/314-646-4-3-7D.jpg"
    }
  },
  {
    "model": "park.photo",
    "pk": 476,
    "fields": {
      "feedback": 646043,
      "file": "https://accessibility.bcparks.ca/images/314-646-4-3-A8.jpg"
    }
  },
  {
    "model": "park.photo",
    "pk": 477,
    "fields": {
      "feedback": 646044,
      "file": "https://accessibility.bcparks.ca/images/314-646-4-4-25.jpg"
    }
  },
  {
    "model": "park.photo",
    "pk": 478,
    "fields": {
      "feedback": 646044,
      "file": "https://accessibility.bcparks.ca/images/314-646-4-4-3C.jpg"
    }
  },
  {
    "model": "park.photo",
    "pk": 479,
    "fields": {
      "feedback": 646044,
      "file": "https://accessibility.bcparks.ca/images/314-646-4-4-68.jpg"
    }
  },
  {
    "model": "park.photo",
    "pk": 480,
    "fields": {
      "feedback": 646051,
      "file": "https://accessibility.bcparks.ca/images/314-646-5-1-6F.jpg"
    }
  },
  {
    "model": "park.photo",
    "pk": 481,
    "fields": {
      "feedback": 646051,
      "file": "https://accessibility.bcparks.ca/images/314-646-5-1-7A.jpg"
    }
  },
  {
    "model": "park.photo",
    "pk": 482,
    "fields": {
      "feedback": 646051,
      "file": "https://accessibility.bcparks.ca/images/314-646-5-1-F3.jpg"
    }
  },
  {
    "model": "park.photo",
    "pk": 483,
    "fields": {
      "feedback": 646052,
      "file": "https://accessibility.bcparks.ca/images/314-646-5-2-1C.jpg"
    }
  },
  {
    "model": "park.photo",
    "pk": 484,
    "fields": {
      "feedback": 646052,
      "file": "https://accessibility.bcparks.ca/images/314-646-5-2-EC.jpg"
    }
  },
  {
    "model": "park.photo",
    "pk": 485,
    "fields": {
      "feedback": 646052,
      "file": "https://accessibility.bcparks.ca/images/314-646-5-2-F2.jpg"
    }
  },
  {
    "model": "park.photo",
    "pk": 486,
    "fields": {
      "feedback": 646053,
      "file": "https://accessibility.bcparks.ca/images/314-646-5-3-03.jpg"
    }
  },
  {
    "model": "park.photo",
    "pk": 487,
    "fields": {
      "feedback": 646053,
      "file": "https://accessibility.bcparks.ca/images/314-646-5-3-6B.jpg"
    }
  },
  {
    "model": "park.photo",
    "pk": 488,
    "fields": {
      "feedback": 646061,
      "file": "https://accessibility.bcparks.ca/images/314-646-6-1-C4.jpg"
    }
  },
  {
    "model": "park.photo",
    "pk": 489,
    "fields": {
      "feedback": 646061,
      "file": "https://accessibility.bcparks.ca/images/314-646-6-1-EF.jpg"
    }
  },
  {
    "model": "park.photo",
    "pk": 490,
    "fields": {
      "feedback": 646061,
      "file": "https://accessibility.bcparks.ca/images/314-646-6-1-FF.jpg"
    }
  },
  {
    "model": "park.photo",
    "pk": 491,
    "fields": {
      "feedback": 646081,
      "file": "https://accessibility.bcparks.ca/images/314-646-8-1-43.jpg"
    }
  },
  {
    "model": "park.photo",
    "pk": 492,
    "fields": {
      "feedback": 646081,
      "file": "https://accessibility.bcparks.ca/images/314-646-8-1-D1.jpg"
    }
  },
  {
    "model": "park.photo",
    "pk": 493,
    "fields": {
      "feedback": 646081,
      "file": "https://accessibility.bcparks.ca/images/314-646-8-1-E8.jpg"
    }
  }
]
